category;title;brand;modelSlug;brandSlug;price;oldPrice;quantity;photo;description;text;seo_title;seo_description;article;tact;power_hp;control_type;propulsion;track_width_mm;boat_type;floor_type;engine_type;engine_cc2;max_power;transmission;drive;front_susp;rear_susp;shocks;tires;wheels;track;starter;fuel_system;weight;brakes;length_width;cockpit;balloon_d;seats;max_hp;capacity;balloons_qty;rpm_range;fuel_cons;fuel_rec;trim ;leg_len ;fuel_tank ;dimensions;equipment ;char_warranty
"Квадроциклы>>>Вездеходы TINGER;Техника";Вездеход на шинах TINGER ARMOR;Tinger;armor;vezdehody-tinger;2340000;;0;"vezdehody-tinger/tinger-armor-main.jpg; vezdehody-tinger/tinger-armor-green.jpg; vezdehody-tinger/tinger-armor-red.jpg; vezdehody-tinger/tinger-armor-yellow.jpg";812 куб.см., 57 л.с.;Вездеход на шинах низкого давления TINGER ARMOR обеспечивает проходимость к труднодостпупным местам в любое время года и при любых погодных условиях. 8-ми колёсные вездеходы на шинах низкого давления TINGER Armor (колёсный).;;;;4;;;;;;;3 цил. 4 татный Chery SQR жидкостного охлаждения;812;57;вариатор;все колеса;;;;;;;;инжектор;800;гидравлические;;;;;;;;;;;;;55;3100*1700*1280;;2 года
"Квадроциклы>>>Вездеходы TINGER;Техника";Вездеход переломка TINGER TF4;Tinger;tf4;vezdehody-tinger;2390000;;0;"vezdehody-tinger/tinger-tf4-main.jpg; vezdehody-tinger/tinger-tf4-blue.jpg; vezdehody-tinger/tinger-tf4-orange.jpg; vezdehody-tinger/tinger-tf4-red.jpg; vezdehody-tinger/tinger-tf4-green.jpg";812 куб.см., 57 л.с.;"Вот только часть преимуществ вездехода TINGER TF4:
Самостоятельный выезд на лёд
Полноценная кабина
Отопитель салона
Постоянный полный привод с возможностью подключения блокировок
Оригинальные шины
Возможность установки баков плавучести
Скорость на воде порядка 4 км/ч
ДВС CHERY SQR372 на 57 л.с.
Трансмиссия 5ст. МКПП + вариатор
Система поворота с гиброобъёмным усилением
Рычаг блокировки рам
Откидное лобовое стекло на пневмоупорах
Возможность установки центральной подкачки колес
*Цена указана за базовую комплектацию без кунга и доп. оборудования.";;;;4;;;;;;;4 цил. 4 татный Chery SQR жидкостного охлаждения;812;57;вариатор + 5-ступенчатая раздатка;;;;;1400/650;21;;;инжектор;1400;трансмиссионный дисковый тормоз с гидроприводом;;;;;;;;;;;;;55;4260*2500*2440;;2 года
"Квадроциклы>>>Вездеходы TINGER;Техника";Гусеничный вездеход TINGER TRACK 2;Tinger;track-2;vezdehody-tinger;2500000;;0;"vezdehody-tinger/tinger-track-2-main.jpg; vezdehody-tinger/tinger-track-2-blue.jpg; vezdehody-tinger/tinger-track-2-green.jpg; vezdehody-tinger/tinger-track-2-red.jpg";812 куб.см., 57 л.с.;Гусеничный вездеход TINGER Track 2 обеспечивает проходимость к труднодостпупным местам в любое время года и при любых погодных условиях.;;;;4;;;;;;;3 цил. 4 татный Chery SQR жидкостного охлаждения;812;57;вариатор;все колеса;;;;;;500 мм;;инжектор;1100;гидравлические;;;;;;;;;;;;;55;3430*1945*1330;;2 года
"Квадроциклы>>>Квадроцикл Gladiator;Техника";Квадроцикл GLADIATOR F200 LUX;Gladiator;f200-lux;kvadrocikly-gladiator;;;0;kvadrocikly-gladiator\kvadrotsikly_gladiat.jpg;200cс, 17 л.с.,;"Квадроцикл GLADIATOR F200 LUX - ваш надежный партнер в мире приключений

Откройте для себя новый уровень свободы и возможностей с квадроциклом GLADIATOR F200lux 2025 года. Этот мощный и надёжный аппарат оснащён 200-кубовым двигателем, который обеспечит уверенную тягу и идеальное сочетание производительности и экономичности. Расход топлива составляет всего 3,2 литра на 100 км, что делает его оптимальным выбором для длительных путешествий и активного отдыха.

Особенности и преимущества GLADIATOR F200lux

Мощный двигатель: 200-кубовый мотор с воздушным охлаждением гарантирует стабильную работу в самых суровых условиях, будь то грязь, песок или крутые горные подъёмы.

Комфорт и управляемость: Адаптивная подвеска с ходом 160 мм обеспечивает плавность хода даже на сложных трассах, включая узкие лесные тропы и каменистые участки. Вес квадроцикла всего 197 кг, что существенно упрощает управление и прохождение труднопроходимых участков.

Безопасность и проходимость: Задний привод и внедорожные шины гарантируют отличное сцепление с любой поверхностью и точное прохождение поворотов. Агрессивный протектор шин и малый вес позволяют преодолевать самые сложные участки, недоступные другим транспортным средствам.

Простота обслуживания: Конструкция квадроцикла разработана с учётом простоты обслуживания и ремонта. Герметичные разъёмы и приподнятая выхлопная система позволяют безопасно пересекать водные преграды глубиной до 50 см. Светодиодные фары и гидравлические тормоза обеспечивают безопасность в тёмное время суток.


Почему выбирают GLADIATOR F200lux?

Лёгкость и универсальность: На 15% легче аналогов, что позволяет избежать проблем с проходимостью и исключает необходимость спешивания на сложных участках.

Экономичность: Низкий расход топлива и доступные запчасти делают эксплуатацию этого квадроцикла экономически выгодной.

Спортивная динамика: Быстрый старт, отличная управляемость и моментальная реакция на команды руля подарят незабываемые впечатления от каждой поездки.

Независимость: Идеально подходит для одиночных путешественников, позволяя справляться с любыми сложностями самостоятельно.

Ремонтопригодность: Простая конструкция и возможность проведения ремонта в полевых условиях делают этот квадроцикл незаменимым помощником в любых условиях.

Оптимальные критерии: нагрузка до 200 кг, двухместный, максимальная скорость 60км/ч, расход 3-5л. на 1 час, светодиодная оптика, электрозапуск, ручной запуск, фаркоп";;;;4;;;;;;;1 цил. 4 тактный воздушного охлаждения;200;17;вариатор;цепь;многорычажная;моно рычаг;Газомаслянные;;10;;;карбюратор;;гидравлические;;;;;;;;;;;;;13;185*105*122;Зеркала заднего вида, чека аварийной остановки двигателя, защита рук, ограничитель скорости, передняя багажная решетка, поворотники, передний мини бампер, клаксон, задняя багажная решетка, спинка пассажира, светдиодные фары, дисплей - скорость, передача, обороты, пробег.;1 год
"Квадроциклы>>>Квадроцикл Gladiator;Техника";Квадроцикл GLADIATOR H125LUX;Gladiator;h125-lux;kvadrocikly-gladiator;;;0;kvadrocikly-gladiator\kvadrotsikly_gladiat.jpg;125cс, 17 л.с.,;;;;;4;;;;;;;1 цил. 4 тактный воздушного охлаждения;125;9;вариатор;цепь;многорычажная;монорычаг;Газомаслянные;;10;;;карбюратор;;гидравлические;;;;;;;;;;;;;9;185*105*122;Зеркала заднего вида, чека аварийной остановки двигателя, защита рук, ограничитель скорости, передняя багажная решетка, поворотники, передний мини бампер, клаксон, задняя багажная решетка, спинка пассажира, светдиодные фары, дисплей - скорость, передача, обороты, пробег.;1 год
"Квадроциклы>>>Квадроциклы AODES;Техника";Квадроцикл AODES PATHCROSS 300L;AODES;pathcross-300l;kvadrocikly-aodes;495000;;0;"kvadrocikly-aodes\Aodes-pathcross-300L-1-GOLD.jpg; kvadrocikly-aodes\Aodes-pathcross-300L-1-GRAY.jpg; kvadrocikly-aodes\Aodes-pathcross-300L-1-GREEN.jpg; kvadrocikly-aodes\Aodes-pathcross-300L-1-ORANGE.jpg; kvadrocikly-aodes\Aodes-pathcross-300L-1.jpg; kvadrocikly-aodes\Aodes-pathcross-300L-2.jpg; kvadrocikly-aodes\Aodes-pathcross-300L-3.jpg; kvadrocikly-aodes\Aodes-pathcross-300L-4.jpg; kvadrocikly-aodes\Aodes-pathcross-300L-5.jpg";273сс, 20 л.с., двухместный;"Новинка 2026 модельного года — квадроцикл AODES Pathcross 300L.

Модель квадроцикла как для начинающих квадроциклистов, так и для дачной эксплуатации в формате выходного дня.

Двухместная модель с одноцилиндровым двигателем и моно приводом.";;;;4;;;;;;;1 цил. 4 тактный жидкостного охлаждения;273;20;вариатор;"L/H/N/R/P; 2WD";двойные А-образные рычаги;Моноамортизатор;Газомаслянные;25*8/25*10;12;;;инжектор;245;Двухдисковый спереди, однодисковый сзади;;;;;;;;;;;;;15;1940*1095*1150;Багажный отсек 3л, грузоподъемность передний багажной площадки 15 кг, задней 30 кг, спинка пассажира, приборная панель, лебедка с ситетическим тросом и тросукладчиком с усилием 907 кг, зеркала заднего вида, клаксон, поворотники, розетка 12в и USB.;2 года
"Квадроциклы>>>Квадроциклы AODES;Техника";Квадроцикл AODES PATHCROSS 525L;AODES;pathcross-525l;kvadrocikly-aodes;790000;;0;"kvadrocikly-aodes\AODES-PATHCROSS-525-5-GREY.jpg; kvadrocikly-aodes\AODES-PATHCROSS-525-4.jpg; kvadrocikly-aodes\AODES-PATHCROSS-525-5-GREEN.jpg; kvadrocikly-aodes\AODES-PATHCROSS-525-5-2.jpg; kvadrocikly-aodes\AODES-PATHCROSS-525-5-ORANGE.jpg; kvadrocikly-aodes\AODES-PATHCROSS-525-5.jpg; kvadrocikly-aodes\AODES-PATHCROSS-525-PRO-BLUE.jpg; kvadrocikly-aodes\AODES-PATHCROSS-525-PRO-RED.jpg; kvadrocikly-aodes\AODES-PATHCROSS-525-2.jpg";495сс, 38 л.с., двухместный;"Квадроцикл AODES Pathcross 525L 2026 модельного года.

Проверенная временем платформа двухместного квадроцикла с современным двигателем 495 см³, мощностью 38 л.с., с электронным впрыском топлива. 

Оснащен всем необходимым для комфортной эксплуатации и имеет продуманную и простую эргономику: багажные площадки, передний не усиленный бампер, лебедку, зеркала заднего вида, фаркоп, алюминиевые диски.

Данная модель подарит комфорт и эмоции как начинающим квадроциклистам, так и для эксплуатации в формате выходного дня и семейных выездов — все необходимое для этого уже есть на квадроцикле.";;;;4;;;;;;;1 цил. 4 тактный жидкостного охлаждения;495;38;вариатор;"L/H/N/R/P; 2WD/4WD + блокировка переднего дифференциала";двойные А-образные рычаги;двойные А-образные рычаги;Газомаслянные;26*8/26*9;12;;;инжектор;410;двойной дисковый тормоз;;;;;;;;;;;;;20;2215*1172*1260;Электрический усилитель руля, багажный передний отсек 6л, грузоподъемность передний багажной площадки 15 кг, задней 30 кг, спинка пассажира, приборная панель, лебедка с ситетическим тросом и тросукладчиком с усилием 1500кг, задний бампер, ветрозащита рук, зеркала заднего вида, светодиодная оптика, фаркоп, клаксон, поворотники, розетка 12в и USB.;2 года
"Квадроциклы>>>Квадроциклы AODES;Техника";Квадроцикл AODES PATHCROSS 525L PRO;AODES;pathcross-525l-pro;kvadrocikly-aodes;820000;;0;"kvadrocikly-aodes\AODES-PATHCROSS-525-PRO-BLUE.jpg; kvadrocikly-aodes\AODES-PATHCROSS-525-3.jpg; kvadrocikly-aodes\AODES-PATHCROSS-525-4.jpg; kvadrocikly-aodes\AODES-PATHCROSS-525-5-GREEN.jpg; kvadrocikly-aodes\AODES-PATHCROSS-525-5-GREY.jpg; kvadrocikly-aodes\AODES-PATHCROSS-525-5-ORANGE.jpg; kvadrocikly-aodes\AODES-PATHCROSS-525-5.jpg; kvadrocikly-aodes\AODES-PATHCROSS-525-PRO-2.jpg; kvadrocikly-aodes\AODES-PATHCROSS-525-PRO-RED.jpg";495сс, 38 л.с., двухместный;"Квадроцикл AODES Pathcross 525L PRO 2026 модельного года.

Проверенная временем платформа двухместного квадроцикла с современным двигателем 495 см³, мощностью 38 л.с., с электронным впрыском топлива. 

Оснащен всем необходимым для комфортной эксплуатации и имеет продуманную и простую эргономику: багажные площадки, передний не усиленный бампер, лебедку, зеркала заднего вида, фаркоп, алюминиевые диски.

Данная модель подарит комфорт и эмоции как начинающим квадроциклистам, так и для эксплуатации в формате выходного дня и семейных выездов — все необходимое для этого уже есть на квадроцикле.";;;;4;;;;;;;1 цил. 4 тактный жидкостного охлаждения;495;38;вариатор;"L/H/N/R/P; 2WD/4WD + блокировка переднего дифференциала";двойные А-образные рычаги;двойные А-образные рычаги;Газомаслянные;27*8/27*10;12;;;инжектор;410;двойной дисковый тормоз;;;;;;;;;;;;;20;2215*1172*1260;Электрический усилитель руля, багажный передний отсек 6л, грузоподъемность передний багажной площадки 15 кг, задней 30 кг, спинка пассажира, приборная панель, лебедка с ситетическим тросом и тросукладчиком с усилием 1500кг, задний бампер, ветрозащита рук, зеркала заднего вида, светодиодная оптика, фаркоп, клаксон, поворотники, розетка 12в и USB.;2 года
"Квадроциклы>>>Квадроциклы AODES;Техника";Квадроцикл AODES PATHCROSS 625L;AODES;pathcross-625l;kvadrocikly-aodes;855000;;0;"kvadrocikly-aodes\AODES-PATHCROSS-625-5-GREEN.jpg; kvadrocikly-aodes\AODES-PATHCROSS-625-2.jpg; kvadrocikly-aodes\AODES-PATHCROSS-625-3.jpg; kvadrocikly-aodes\AODES-PATHCROSS-625-4.jpg; kvadrocikly-aodes\AODES-PATHCROSS-625-5-GREY.jpg; kvadrocikly-aodes\AODES-PATHCROSS-625-5-ORANGE.jpg; kvadrocikly-aodes\AODES-PATHCROSS-625-5.jpg";580сс, 44 л.с., двухместный;"Новинка 2026 модельного года — квадроцикл AODES Pathcross 625L.

Оснащен всем необходимым для комфортной эксплуатации и имеет продуманную и простую эргономику: багажные площадки, передний не усиленный бампер, лебедку, зеркала заднего вида, фаркоп, алюминиевые диски.

Данная модель подарит комфорт и эмоции как начинающим квадроциклистам, так и для эксплуатации в формате выходного дня и семейных выездов — все необходимое для этого уже есть на квадроцикле.";;;;4;;;;;;;1 цил. 4 тактный жидкостного охлаждения;580;44;вариатор;"L/H/N/R/P; 2WD/4WD + блокировка переднего дифференциала";двойные А-образные рычаги;двойные А-образные рычаги;Газомаслянные;26*8/26*10;12;;;инжектор;410;двойной дисковый тормоз;;;;;;;;;;;;;20;2215*1172*1260;Электрический усилитель руля, грузоподъемность задней багажнйо площадки 30 кг, багажный отсек (6 л), грузоподъеемность передней багажной площадки 15кг, спинка пассажира, приборная панель, лебедка с ситетическим тросом и тросукладчиком с усилием 1500кг, задний бампер, ветрозащита рук, зеркала заднего вида, светодиодная оптика, фаркоп, клаксон, поворотники, розетка 12в и USB.;2 года
"Квадроциклы>>>Квадроциклы AODES;Техника";Квадроцикл AODES PATHCROSS 625L PRO;AODES;pathcross-625l-pro;kvadrocikly-aodes;895000;;0;"kvadrocikly-aodes\AODES-PATHCROSS-625-5-ORANGE.jpg; kvadrocikly-aodes\AODES-PATHCROSS-625-2.jpg; kvadrocikly-aodes\AODES-PATHCROSS-625-3.jpg; kvadrocikly-aodes\AODES-PATHCROSS-625-4.jpg; kvadrocikly-aodes\AODES-PATHCROSS-625-5-GREEN.jpg; kvadrocikly-aodes\AODES-PATHCROSS-625-5-GREY.jpg; kvadrocikly-aodes\AODES-PATHCROSS-625-5.jpg";580сс, 44 л.с., двухместный;"Новинка 2026 модельного года — квадроцикл AODES Pathcross 625L PRO.

Оснащен всем необходимым для комфортной эксплуатации и имеет продуманную и простую эргономику: багажные площадки, передний не усиленный бампер, лебедку, зеркала заднего вида, фаркоп, алюминиевые диски.

Данная модель подарит комфорт и эмоции как начинающим квадроциклистам, так и для эксплуатации в формате выходного дня и семейных выездов — все необходимое для этого уже есть на квадроцикле.";;;;4;;;;;;;1 цил. 4 тактный жидкостного охлаждения;580;44;вариатор;"L/H/N/R/P; 2WD/4WD + блокировка переднего дифференциала";двойные А-образные рычаги;двойные А-образные рычаги;Газомаслянные;27*8/27*10;12;;;инжектор;410;двойной дисковый тормоз;;;;;;;;;;;;;20;2215*1172*1260;Электрический усилитель руля, грузоподъемность задней багажнйо площадки 30 кг, багажный отсек (6 л), грузоподъеемность передней багажной площадки 15кг, спинка пассажира, приборная панель, лебедка с ситетическим тросом и тросукладчиком с усилием 1500кг, задний бампер, ветрозащита рук, зеркала заднего вида, светодиодная оптика, фаркоп, клаксон, поворотники, розетка 12в и USB.;2 года
"Квадроциклы>>>Квадроциклы AODES;Техника";Квадроцикл AODES PATHCROSS 625L MUD PRO;AODES;pathcross-625l-mud-pro;kvadrocikly-aodes;995000;;0;"kvadrocikly-aodes\AODES-PATHCROSS-625-MUD-PRO-3-GOLD.jpg; kvadrocikly-aodes\AODES-PATHCROSS-625-MUD-PRO-2-GOLD.jpg; kvadrocikly-aodes\AODES-PATHCROSS-625-MUD-PRO-1-GOLD.jpg; kvadrocikly-aodes\AODES-PATHCROSS-625-MUD-PRO-4-GOLD.jpg; kvadrocikly-aodes\AODES-PATHCROSS-625-MUD-PRO-5-ARTICK-SILVER.jpg; kvadrocikly-aodes\AODES-PATHCROSS-625-MUD-PRO-5-BLACK.jpg; kvadrocikly-aodes\AODES-PATHCROSS-625-MUD-PRO-5-GOLD.jpg; kvadrocikly-aodes\AODES-PATHCROSS-625-MUD-PRO-5-GREY.jpg; kvadrocikly-aodes\AODES-PATHCROSS-625-MUD-PRO-5-SAND-GOLD.jpg";580сс, 44 л.с., двухместный;"Новинка 2026 модельного года — квадроцикл AODES Pathcross 625L MUD PRO.

Новый AODES Pathcross 625 в комплектации Mud Pro — повелитель бездорожья, заточенный под грязь, болота и жёсткие маршруты в сегменте квадроциклов с двигателями до 650 см³.

Это уже не прогулочный квадроцикл с одноцилиндровым двигателем — это модель для тех, кто ищет грязь поглубже и маршруты поинтереснее. Комплектация соответствующая: амортизаторы с регулировками, вынос шноркелей, усилитель руля, 28"" резина.

Данная модель подарит комфорт и эмоции как начинающим квадроциклистам, так и для эксплуатации в формате выходного дня и семейных выездов — все необходимое для этого уже есть на квадроцикле.";;;;4;;;;;;;1 цил. 4 тактный жидкостного охлаждения;580;45;вариатор;"L/H/N/R/P; 2WD/4WD + блокировка переднего дифференциала";двойные А-образные рычаги;двойные А-образные рычаги;Газомаслянные амортизаторы YU-AN с выносным резервуаром и регулировками;28*8/28*10;14;;;инжектор;420;двойной дисковый тормоз;;;;;;;;;;;;;20;2215*1172*1260;Вынос радиатора и шноркелей, электрический усилитель руля, расширители колесных арок, грузоподъемность задней багажнйо площадки 30 кг, спинка пассажира, приборная панель, лебедка с ситетическим тросом и тросукладчиком с усилием 1500кг, задний бампер, ветрозащита рук, зеркала заднего вида, светодиодная оптика, фаркоп, клаксон, поворотники, розетка 12в и USB.;2 года
"Квадроциклы>>>Квадроциклы AODES;Техника";Квадроцикл AODES PATHCROSS 650;AODES;pathcross-650l;kvadrocikly-aodes;1110000;;0;"kvadrocikly-aodes\AODES-PATHCROSS-650-BLACK.jpg; kvadrocikly-aodes\AODES-PATHCROSS-650-BLACK-2.jpg; kvadrocikly-aodes\AODES-PATHCROSS-650-GRIPS.jpg; kvadrocikly-aodes\AODES-PATHCROSS-650-HEAT-PASS.jpg; kvadrocikly-aodes\AODES-PATHCROSS-650-LED.jpg; kvadrocikly-aodes\AODES-PATHCROSS-650-BLACK-3.jpg; kvadrocikly-aodes\AODES-PATHCROSS-650-BLACK-4.jpg; kvadrocikly-aodes\AODES-PATHCROSS-650-BLACK-1.jpg";650сс, 53 л.с., двухместный;"Квадроцикл AODES Pathcross 650L 2026 модельного года.

Обновленный квадроцикл AODES Pathcross с двигателем 649 см³ и новым дизайном передней части, новой оптикой, новым замком заднего багажного отсека. Модель оснащена LCD приборной панелью и электронным ключом зажигания.

Стандартный и усовершенствованный квадроцикл для комфортных путешествий по бездорожью и выполнении разных хозяйственных задач.";;;;4;;;;;;;2 цил. V-образный, 4 тактный жидкостного охлаждения;649;54;вариатор;"L/H/N/R/P; 2WD/4WD + блокировка переднего дифференциала";двойные А-образные рычаги;Независимая с продольными рычагами и стабилизатором поперечной устойчивости;Газомаслянные амортизаторы YU-AN с выносным резервуаром и регулировками;26*9/26*11;14;;;инжектор;450;двойной дисковый тормоз;;;;;;;;;;;;;22;2450*1246*1400;Электрический усилитель руля, подогрев сидень водителя, грузоподъемность задней багажнйо площадки 70 кг, грузоподъеемность передней багажной площадки 30 кг, сиденье пассажира, приборная панель 10,25 дюйма, лебедка с ситетическим тросом и тросукладчиком с усилием 1500кг, усиленный передний и задний бампер, ветрозащита рук, зеркала заднего вида, светодиодная оптика, фаркоп, клаксон, поворотники, розетка 12в и USB.;2 года
"Квадроциклы>>>Квадроциклы AODES;Техника";Квадроцикл AODES PATHCROSS 650 PRO;AODES;pathcross-650l-pro;kvadrocikly-aodes;1145000;;0;"kvadrocikly-aodes\AODES-PATHCROSS-650-PRO-BLUE.jpg; kvadrocikly-aodes\AODES-PATHCROSS-650-PRO-BLACK.jpg; kvadrocikly-aodes\AODES-PATHCROSS-650-PRO-DARK-GREEN-1.jpg; kvadrocikly-aodes\AODES-PATHCROSS-650-PRO-DARK-GREEN-2.jpg; kvadrocikly-aodes\AODES-PATHCROSS-650-PRO-DARK-GREEN-3.jpg; kvadrocikly-aodes\AODES-PATHCROSS-650-PRO-DARK-GREEN-4.jpg; kvadrocikly-aodes\AODES-PATHCROSS-650-PRO-DARK-GREEN-5.jpg; kvadrocikly-aodes\
AODES-PATHCROSS-650-PRO-DARK-GREEN-6.jpg; kvadrocikly-aodes\AODES-PATHCROSS-650-PRO-GREEN.jpg; kvadrocikly-aodes\AODES-PATHCROSS-650-PRO-RED.jpg";650сс, 53 л.с., двухместный;"Квадроцикл AODES Pathcross 650L PRO 2026 модельного года.

Обновленный квадроцикл AODES Pathcross с двигателем 649 см³ и новым дизайном передней части, новой оптикой, новым замком заднего багажного отсека. Модель оснащена LCD приборной панелью и электронным ключом зажигания.

Стандартный и усовершенствованный квадроцикл для комфортных путешествий по бездорожью и выполнении разных хозяйственных задач.";;;;4;;;;;;;2 цил. V-образный, 4 тактный жидкостного охлаждения;649;54;вариатор;"L/H/N/R/P; 2WD/4WD + блокировка переднего дифференциала";двойные А-образные рычаги;Независимая с продольными рычагами и стабилизатором поперечной устойчивости;Газомаслянные амортизаторы YU-AN с выносным резервуаром и регулировками;28*9/28*11;14;;;инжектор;460;двойной дисковый тормоз;;;;;;;;;;;;;22;2450*1246*1400;Электрический усилитель руля, подогрев сидень водителя, обогрев рукояток руля и курка газа, грузоподъемность задней багажнйо площадки 70 кг, грузоподъеемность передней багажной площадки 30 кг, сиденье пассажира, приборная панель 10,25 дюйма, лебедка с ситетическим тросом и тросукладчиком с усилием 1500кг, усиленный передний и задний бампер, ветрозащита рук, зеркала заднего вида, светодиодная оптика, фаркоп, клаксон, поворотники, розетка 12в и USB.;2 года
"Квадроциклы>>>Квадроциклы AODES;Техника";Квадроцикл AODES PATHCROSS 800 MUD PRO;AODES;pathcross-800l-mud-pro;kvadrocikly-aodes;1135000;;0;"kvadrocikly-aodes\AODES-PATHCROSS-800-MUD-PRO-BLACK.jpg; kvadrocikly-aodes\AODES-PATHCROSS-800-MUD-PRO-DESERT-TAN.jpg; kvadrocikly-aodes\AODES-PATHCROSS-800-MUD-PRO-GLACIER-SILVER.jpg; kvadrocikly-aodes\AODES-PATHCROSS-800-MUD-PRO-SAND-GOLD.jpg; kvadrocikly-aodes\AODES-PATHCROSS-800-MUD-PRO-TITANIUM-GREY.jpg";800сс, 60 л.с., двухместный;"Квадроцикл AODES Pathcross 800L MUD PRO 2026 модельного года.

В двухместном квадроцикле PATHCROSS MUD PRO с двигателем 800 см³: выносной радиатор со шноркелями, новый дизайн передней части, обновленная оптика, 10,25-дюймовый дисплей на приборной панели с индикацией основных параметров.

Усовершенствованная версия квадроцикла для любителей экстрима!";;;;4;;;;;;;2 цил. V-образный, 4 тактный жидкостного охлаждения;800;60;вариатор;"L/H/N/R/P; 2WD/4WD + блокировка переднего дифференциала";двойные А-образные рычаги;Независимая с продольными рычагами и стабилизатором поперечной устойчивости;Газомаслянные амортизаторы YU-AN с выносным резервуаром и регулировками;28*9/28*11;14;;;инжектор;450;двойной дисковый тормоз;;;;;;;;;;;;;22;2450*1246*1400;Вынос радиатора, шноркеля, электрический усилитель руля, дополнительная светодиодная балка, подогрев сидень водителя, обогрев рукояток руля и курка газа, грузоподъемность задней багажной площадки 70 кг, сиденье пассажира, приборная панель 10,25 дюйма, лебедка с ситетическим тросом и тросукладчиком с усилием 1500кг с пультом ДУ, усиленный передний и задний бампер, ветрозащита рук, зеркала заднего вида, светодиодная оптика, фаркоп, клаксон, поворотники, розетка 12в и USB.;2 года
"Квадроциклы>>>Квадроциклы AODES;Техника";Квадроцикл AODES PATHCROSS 1000;AODES;pathcross-1000l;kvadrocikly-aodes;1295000;;0;"kvadrocikly-aodes\AODES-PATHCROSS-1000-GREY.jpg; kvadrocikly-aodes\AODES-PATHCROSS-1000-BLACK-2.jpg; AODES-PATHCROSS-1000-BLACK-3.jpg; kvadrocikly-aodes\AODES-PATHCROSS-1000-BLACK-4.jpg; kvadrocikly-aodes\AODES-PATHCROSS-1000-BLACK-5.jpg; kvadrocikly-aodes\AODES-PATHCROSS-1000-BLACK-6.jpg; kvadrocikly-aodes\AODES-PATHCROSS-1000-BLACK.jpg";1000сс, 95 л.с., двухместный;"Квадроцикл AODES Pathcross 1000L 2026 модельного года.

Обновленный квадроцикл AODES Pathcross с двигателем 976 см³ и новым дизайном передней части, новой оптикой, новым замком заднего багажного отсека. Модель оснащена LCD приборной панелью и электронным ключом зажигания.

Стандартный и усовершенствованный квадроцикл для комфортных путешествий по бездорожью и выполнении разных хозяйственных задач.";;;;4;;;;;;;2 цил. V-образный, 4 тактный жидкостного охлаждения;976;91;вариатор;"L/H/N/R/P; 2WD/4WD + блокировка переднего дифференциала";двойные А-образные рычаги;Независимая с продольными рычагами и стабилизатором поперечной устойчивости;Газомаслянные амортизаторы YU-AN с выносным резервуаром и регулировками;26*9/26*11;14;;;инжектор;460;двойной дисковый тормоз;;;;;;;;;;;;;22;2450*1246*1400;Электрический усилитель руля, подогрев сидень водителя, грузоподъемность задней багажнйо площадки 70 кг, грузоподъеемность передней багажной площадки 30 кг, сиденье пассажира, приборная панель 10,25 дюйма, лебедка с ситетическим тросом и тросукладчиком с усилием 1500кг, усиленный передний и задний бампер, ветрозащита рук, зеркала заднего вида, светодиодная оптика, фаркоп, клаксон, поворотники, розетка 12в и USB.;2 года
"Квадроциклы>>>Квадроциклы AODES;Техника";Квадроцикл AODES PATHCROSS 1000 PRO;AODES;pathcross-1000l-pro;kvadrocikly-aodes;1370000;;0;"kvadrocikly-aodes\AODES-PATHCROSS-1000-PRO-GREEN.jpg; kvadrocikly-aodes\AODES-PATHCROSS-1000-PRO-BLACK.jpg; kvadrocikly-aodes\AODES-PATHCROSS-1000-PRO-BLUE.jpg; kvadrocikly-aodes\AODES-PATHCROSS-1000-PRO-DARK-GREEN.jpg; kvadrocikly-aodes\AODES-PATHCROSS-1000-PRO-RED-2.jpg; kvadrocikly-aodes\AODES-PATHCROSS-1000-PRO-RED-3.jpg; kvadrocikly-aodes\AODES-PATHCROSS-1000-PRO-RED-4.jpg; kvadrocikly-aodes\AODES-PATHCROSS-1000-PRO-RED-5.jpg; kvadrocikly-aodes\AODES-PATHCROSS-1000-PRO-RED.jpg; kvadrocikly-aodes\AODES-PATHCROSS-1000-WHITE.jpg";1000сс, 95 л.с., двухместный;"Квадроцикл AODES Pathcross 1000L PRO 2026 модельного года.

Обновленный квадроцикл AODES Pathcross с двигателем 976 см³ и новым дизайном передней части, новой оптикой, новым замком заднего багажного отсека. Модель оснащена LCD приборной панелью и электронным ключом зажигания.

Стандартный и усовершенствованный квадроцикл для комфортных путешествий по бездорожью и выполнении разных хозяйственных задач.";;;;4;;;;;;;2 цил. V-образный, 4 тактный жидкостного охлаждения;976;91;вариатор;"L/H/N/R/P; 2WD/4WD + блокировка переднего дифференциала";двойные А-образные рычаги;Независимая с продольными рычагами и стабилизатором поперечной устойчивости;Газомаслянные амортизаторы YU-AN с выносным резервуаром и регулировками;28*9/28*11;14;;;инжектор;460;двойной дисковый тормоз;;;;;;;;;;;;;22;2450*1246*1400;Электрический усилитель руля, подогрев сидень водителя, обогрев рукояток руля и курка газа, грузоподъемность задней багажнйо площадки 70 кг, грузоподъеемность передней багажной площадки 30 кг, сиденье пассажира, приборная панель 10,25 дюйма, лебедка с ситетическим тросом и тросукладчиком с усилием 1500кг, усиленный передний и задний бампер, ветрозащита рук, зеркала заднего вида, светодиодная оптика, фаркоп, клаксон, поворотники, розетка 12в и USB.;2 года
"Квадроциклы>>>Квадроциклы AODES;Техника";Квадроцикл AODES PATHCROSS 1000 MUD PRO;AODES;pathcross-1000l-mud-pro;kvadrocikly-aodes;1545000;;0;"kvadrocikly-aodes\AODES-PATHCROSS-1000-MUD-PRO-DESERT-TAN.jpg; kvadrocikly-aodes\AODES-PATHCROSS-1000-MUD-PRO-GLACIER-SILVER.jpg; kvadrocikly-aodes\AODES-PATHCROSS-1000-MUD-PRO-SAND-GOLD.jpg; kvadrocikly-aodes\AODES-PATHCROSS-1000-MUD-PRO-TITANIUM-GREY-2.jpg; kvadrocikly-aodes\AODES-PATHCROSS-1000-MUD-PRO-TITANIUM-GREY-3.jpg; kvadrocikly-aodes\AODES-PATHCROSS-1000-MUD-PRO-TITANIUM-GREY-4.jpg; kvadrocikly-aodes\AODES-PATHCROSS-1000-MUD-PRO-TITANIUM-GREY-5.jpg; kvadrocikly-aodes\AODES-PATHCROSS-1000-MUD-PRO-TITANIUM-GREY.jpg";1000сс, 95 л.с., двухместный;"Квадроцикл AODES Pathcross 1000L MUD PRO 2026 модельного года.

В двухместном квадроцикле PATHCROSS MUD PRO с двигателем 1000 см³: выносной радиатор со шноркелями, новый дизайн передней части, обновленная оптика, 10,25-дюймовый дисплей на приборной панели с индикацией основных параметров.

Усовершенствованная версия квадроцикла для любителей экстрима!";;;;4;;;;;;;2 цил. V-образный, 4 тактный жидкостного охлаждения;976;92;вариатор;"L/H/N/R/P; 2WD/4WD + блокировка переднего дифференциала";двойные А-образные рычаги;Независимая с продольными рычагами и стабилизатором поперечной устойчивости;Газомаслянные амортизаторы YU-AN с выносным резервуаром и регулировками;30*9/30*11;14;;;инжектор;460;двойной дисковый тормоз;;;;;;;;;;;;;22;2450*1246*1400;Вынос радиатора, шноркеля, электрический усилитель руля, дополнительная светодиодная балка, подогрев сидень водителя, обогрев рукояток руля и курка газа, грузоподъемность задней багажной площадки 70 кг, сиденье пассажира, приборная панель 10,25 дюйма, лебедка с ситетическим тросом и тросукладчиком с усилием 1500кг с пультом ДУ, усиленный передний и задний бампер, ветрозащита рук, зеркала заднего вида, светодиодная оптика, фаркоп, клаксон, поворотники, розетка 12в и USB.;2 года
"Квадроциклы>>>Мотовездеходы AODES;Техника";Мотовездеход AODES WORKCROSS 1000 3 HVAC;AODES;workcross-1000-3HVAC;motovezdehody-aodes;2185000;;0;"motovezdehody-aodes\AODES-WORKCROSS-1000-3-HVAC-RED.jpg; motovezdehody-aodes\AODES-WORKCROSS-1000-3-HVAC-RED-2.jpg; motovezdehody-aodes\AODES-WORKCROSS-1000-3-HVAC-RED-3.jpg; motovezdehody-aodes\AODES-WORKCROSS-1000-3-HVAC-RED-4.jpg; motovezdehody-aodes\AODES-WORKCROSS-1000-3-HVAC-RED-5.jpg; motovezdehody-aodes\AODES-WORKCROSS-1000-3-HVAC-RED-6.jpg; motovezdehody-aodes\AODES-WORKCROSS-1000-3-HVAC-RED-7.jpg; motovezdehody-aodes\AODES-WORKCROSS-1000-3-HVAC-RED-8.jpg";976сс, 72 л.с., 3 местный;"Мотовездеходы AODES WORKCROSS — это утилитарные машины с отличительными характеристиками для выполнения целого спектра хозяйственных работ. Мощный двигатель в 72 л.с., который делает этот мотовездеход универсальной и комфортной «рабочей лошадкой».

В этой версии модель мотовездехода имеет все необходимое для рабочих задач и позволяет без дополнительной подготовки выполнять работу на фермах и хозяйствах.

Мощный двигатель, энергоемкая подвеска, лебедка, закрытая кабина с отопителем и кондиционером, багажная площадка самосвального типа с грузоподъемностью 300 кг — лишь часть того, что создаст комфортный опыт при эксплуатации и повышении эффективности в работе.

Мотовездеход, который неизменно выбирают ценители функциональности и адаптивности!";;;;4;;;;;;;2 цил. V-образный, 4 тактный жидкостного охлаждения;976;72;вариатор;"L/H/N/R/P; 2WD/4WD + блокировка переднего дифференциала";двойные А-образные рычаги;Двойные изогнутые А-образные рычаги со стабилизатором поперечной устойчивости;Газомаслянные;27*9/27*11;14;;;инжектор;866;двойной дисковый тормоз;;;;;;;;;;;;;45;3073*1651*1981;Объем грузового отсека 919*1320*289 с грузоподъемностью 300 кг., трехместная версия кабины, кабина полностью закрытая, отопитель салона, кондиционер, откидывающиеся лобовое стекло на газлифтах, щетка очистки лобового стекла с омывателем, 2 колонки для мультимедии, электрический усилитель руля, приборная панель с основными показтелями, дополнительный мультимидиный дисплей, лебедка с ситетическим тросом и тросукладчиком с усилием 2040 кг., усиленный передний и задний бампер, зеркала заднего вида, светодиодная оптика, фаркоп, клаксон, поворотники, розетка 12в и USB.;2 года
"Квадроциклы>>>Мотовездеходы AODES;Техника";Мотовездеход AODES WORKCROSS 1000 6-HVAC;AODES;workcross-1000-6HVAC;motovezdehody-aodes;2445000;;0;"motovezdehody-aodes\aodes-workcross-6hvac.jpg; motovezdehody-aodes\aodes-workcross-6hvac-2.jpg; motovezdehody-aodes\aodes-workcross-6hvac-3.jpg; motovezdehody-aodes\aodes-workcross-6hvac-4.jpg; motovezdehody-aodes\aodes-workcross-6hvac-5.jpg; motovezdehody-aodes\aodes-workcross-6hvac-6.jpg";976сс, 72 л.с., 6 местный;"Мотовездеходы AODES WORKCROSS — это утилитарные машины с отличительными характеристиками для выполнения целого спектра хозяйственных работ. Мощный двигатель в 72 л.с., который делает этот мотовездеход универсальной и комфортной «рабочей лошадкой».

В этой версии модель мотовездехода имеет все необходимое для рабочих задач и позволяет без дополнительной подготовки выполнять работу на фермах и хозяйствах.

Мощный двигатель, энергоемкая подвеска, лебедка, закрытая кабина с отопителем и кондиционером, багажная площадка самосвального типа с грузоподъемностью 300 кг — лишь часть того, что создаст комфортный опыт при эксплуатации и повышении эффективности в работе.

Мотовездеход, который неизменно выбирают ценители функциональности и адаптивности!";;;;4;;;;;;;2 цил. V-образный, 4 тактный жидкостного охлаждения;976;72;вариатор;"L/H/N/R/P; 2WD/4WD + блокировка переднего дифференциала";двойные А-образные рычаги;Двойные изогнутые А-образные рычаги со стабилизатором поперечной устойчивости;Газомаслянные;27*9/27*11;14;;;инжектор;1061;двойной дисковый тормоз;;;;;;;;;;;;;45;3912*1651*1981;Объем грузового отсека 919*1320*289 с грузоподъемностью 300 кг., шестиместная версия кабины, кабина полностью закрытая, отопитель салона, кондиционер, откидывающиеся лобовое стекло на газлифтах, 2 колонки для мультимедии, электрический усилитель руля, приборная панель с основными показтелями, дополнительный мультимидиный дисплей, лебедка с ситетическим тросом и тросукладчиком с усилием 2040 кг., усиленный передний и задний бампер, зеркала заднего вида, светодиодная оптика, фаркоп, клаксон, поворотники, розетка 12в и USB.;2 года
"Квадроциклы>>>Мотовездеходы AODES;Техника";Мотовездеход AODES DESERTCROSS 1000;AODES;desertcross-1000;motovezdehody-aodes;2245000;;0;"motovezdehody-aodes\aodes-desertcross.jpg; motovezdehody-aodes\aodes-desertcross-2.jpg; motovezdehody-aodes\aodes-desertcross-3.jpg; motovezdehody-aodes\aodes-desertcross-4.jpg; motovezdehody-aodes\aodes-desertcross-5.jpg";976сс, 86 л.с., 3;"Мотовездеходы AODES DESERTCROSS — это комфортные утилитарно-туристические машины с мощным двигателем 72 л.с. и высокой надежностью для туризма и работы по хозяйству.

В этой версии модель мотовездехода имеет все необходимое для комфортных путешествий и хозяйственных работ.

Мощный двигатель, энергоемкая подвеска, алюминиевые легкосплавные диски, лебедка с тяговым усилием 2040 кг, закрытая кабина с отопителем и кондиционером, багажная площадка самосвального типа с грузоподъемностью 300 кг, зеркала заднего вида и задний бампер — достоинства этого мотовездехода при решении различных задач.

Мотовездеход, который совмещает функции типовых самоходных машин в одном корпусе.";;;;4;;;;;;;2 цил. V-образный, 4 тактный жидкостного охлаждения;976;87;вариатор;"L/H/N/R/P; 2WD/4WD + блокировка переднего дифференциала";двойные А-образные рычаги;Двойные изогнутые А-образные рычаги со стабилизатором поперечной устойчивости;Газомаслянные;27*9/27*11;14;;;инжектор;848;двойной дисковый тормоз;;;;;;;;;;;;;48;3339*1782*1935;Объем грузового отсека 1077*1662*280 с грузоподъемностью 300 кг., трехместная версия кабины, электрический усилитель руля, приборная панель с основными показателями, лебедка с ситетическим тросом и тросукладчиком с усилием 2040 кг., усиленный передний и задний бампер, зеркала заднего вида, светодиодная оптика, фаркоп, клаксон, поворотники, розетка 12в и USB.;2 года
"Квадроциклы>>>Мотовездеходы AODES;Техника";Мотовездеход AODES DESERTCROSS 1000 3-HVAC;AODES;desertcross-1000-3HVAC;motovezdehody-aodes;2450000;;0;"motovezdehody-aodes\aodes-DESERTCROSS-3hvac.jpg; motovezdehody-aodes\aodes-DESERTCROSS-3hvac-2.jpg";976сс, 72 л.с., 3 местный;"Мотовездеходы AODES DESERTCROSS — это комфортные утилитарно-туристические машины с мощным двигателем 72 л.с. и высокой надежностью для туризма и работы по хозяйству.

В этой версии модель мотовездехода имеет все необходимое для комфортных путешествий и хозяйственных работ.

Мощный двигатель, энергоемкая подвеска, алюминиевые легкосплавные диски, лебедка с тяговым усилием 2040 кг, закрытая кабина с отопителем и кондиционером, багажная площадка самосвального типа с грузоподъемностью 300 кг, зеркала заднего вида и задний бампер — достоинства этого мотовездехода при решении различных задач.

Мотовездеход, который совмещает функции типовых самоходных машин в одном корпусе.";;;;4;;;;;;;2 цил. V-образный, 4 тактный жидкостного охлаждения;976;72;вариатор;"L/H/N/R/P; 2WD/4WD + блокировка переднего дифференциала";двойные А-образные рычаги;Двойные изогнутые А-образные рычаги со стабилизатором поперечной устойчивости;Газомаслянные;27*9/27*11;14;;;инжектор;865;двойной дисковый тормоз;;;;;;;;;;;;;48;3364*1870*1947;Объем грузового отсека 1077*1662*280 с грузоподъемностью 300 кг., трехместная версия кабины, кабина полностью закрытая, отопитель салона, кондиционер, откидывающиеся лобовое стекло на газлифтах, щетка очистки лобового стекла с омывателем, 2 колонки для мультимедии, электрический усилитель руля, приборная панель с основными показтелями, дополнительный мультимидиный дисплей, лебедка с ситетическим тросом и тросукладчиком с усилием 2040 кг., усиленный передний и задний бампер, зеркала заднего вида, светодиодная оптика, фаркоп, клаксон, поворотники, розетка 12в и USB.;2 года
"Квадроциклы>>>Мотовездеходы AODES;Техника";Мотовездеход AODES DESERTCROSS 1000 6-HVAC;AODES;desertcross-1000-6hvac;motovezdehody-aodes;2710000;;0;"motovezdehody-aodes\aodes-desertcross-6hvac.jpg; motovezdehody-aodes\aodes-desertcross-6hvac-2.jpg";976сс, 72 л.с., 6 местный;"Мотовездеходы AODES DESERTCROSS — это комфортные утилитарно-туристические машины с мощным двигателем 72 л.с. и высокой надежностью для туризма и работы по хозяйству.

В этой версии модель мотовездехода имеет все необходимое для комфортных путешествий и хозяйственных работ.

Мощный двигатель, энергоемкая подвеска, алюминиевые легкосплавные диски, лебедка с тяговым усилием 2040 кг, закрытая кабина с отопителем и кондиционером, багажная площадка самосвального типа с грузоподъемностью 300 кг, зеркала заднего вида и задний бампер — достоинства этого мотовездехода при решении различных задач.

Мотовездеход, который совмещает функции типовых самоходных машин в одном корпусе.";;;;4;;;;;;;2 цил. V-образный, 4 тактный жидкостного охлаждения;976;72;вариатор;"L/H/N/R/P; 2WD/4WD + блокировка переднего дифференциала";двойные А-образные рычаги;Двойные изогнутые А-образные рычаги со стабилизатором поперечной устойчивости;Газомаслянные;27*9/27*11;14;;;инжектор;1060;двойной дисковый тормоз;;;;;;;;;;;;;48;4164*1870*1947;Объем грузового отсека 1077*1662*280 с грузоподъемностью 300 кг., шестиместная версия кабины, кабина полностью закрытая, отопитель салона, кондиционер, откидывающиеся лобовое стекло на газлифтах, 2 колонки для мультимедии, электрический усилитель руля, приборная панель с основными показтелями, дополнительный мультимидиный дисплей, лебедка с ситетическим тросом и тросукладчиком с усилием 2040 кг., усиленный передний и задний бампер, зеркала заднего вида, светодиодная оптика, фаркоп, клаксон, поворотники, розетка 12в и USB.;2 года
"Квадроциклы>>>Квадроциклы SEGWAY;Техника";Квадроцикл SEGWAY SNARLER AT5 LE;SEGWAY;snarler-at5-le;kvadrocikly-segway;830000;;0;"kvadrocikly-segway\snarler-at5-long-standart-gray-blue.jpg; kvadrocikly-segway\snarler-at5-long-standart-black-camo.jpg; kvadrocikly-segway\snarler-at5-long-standart-black-green.jpg; kvadrocikly-segway\snarler-at5-long-standart-black-orange.jpg; kvadrocikly-segway\snarler-at5-long-standart-white-red.jpg";499сс, 39 л.с.,;"SEGWAY AT5 LE - универсальный квадроцикл с длинной колесной базой, сочетающий в себе мощность и проходимость. Он оснащен мощной лебедкой, защитными кожухами руля для дополнительной безопасности, а также передними и задними пластиковыми крышками багажников. Откройте для себя новый уровень производительности и комфорта - AT5 LE - ваш идеальный выбор!
";;;;4;;;;;;;1 цил. 4 тактный жидкостного охлаждения;499;39;вариатор;"L/H/N/R/P; 2WD/4WD + блокировка переднего дифференциала";Двойные A-образные рычаги, ход 180 мм;Двойные A-образные рычаги + стабилизатор поперечной устойчивости, ход 200 мм;Масляные амортизаторы с регулировкой сжатия и отбоя;25*8/25*10;12;;;инжектор;389;Гидравлическая, 3-дисковая;;;;;;;;;;;;;19;2300*1180*1350;Электронный усилитель руля, передняя багажная решетка 40 кг, задняя багажная решетка 60 кг, цифровой дисплей, приложенгие Smart-moving,  лебедка с усилием 2500 фунтов, светодиодная оптика, пластиковая защита рук, пластиковые накладки на передний и задние багажники, спинка заднего пассажира, поручни для заднего пассажирка.;2 года
"Квадроциклы>>>Квадроциклы SEGWAY;Техника";Квадроцикл SEGWAY SNARLER AT6 LE;SEGWAY;snarler-at6-le;kvadrocikly-segway;925000;;0;"kvadrocikly-segway\segway-at6-l.jpg; kvadrocikly-segway\segway-at6-l-2.jpg; kvadrocikly-segway\segway-at6-l-3.jpg; kvadrocikly-segway\segway-at6-l-4.jpg; kvadrocikly-segway\segway-at6-l-5.jpg; kvadrocikly-segway\segway-at6-l-6.jpg; kvadrocikly-segway\segway-at6-l-7.jpg; kvadrocikly-segway\segway-at6-l-8.jpg; kvadrocikly-segway\segway-at6-l-9.jpg; kvadrocikly-segway\segway-at6-l-10.jpg; kvadrocikly-segway\segway-at6-l-11.jpg; kvadrocikly-segway\segway-at6-l-12.jpg        ";570сс, 44 л.с.,;Неудержимый механический зверь. Крепкое тело и завораживающие линии. Запоминающийся визуальный стиль, контрастные цвета рамы и кузова создают эстетику контролируемого напряжения.;;;;4;;;;;;;1 цил. 4 тактный жидкостного охлаждения;567;44;вариатор;"L/H/N/R/P; 2WD/4WD + блокировка переднего дифференциала";Двойные A-образные рычаги, ход 180 мм;Двойные A-образные рычаги + стабилизатор поперечной устойчивости, ход 200 мм;Масляные амортизаторы с регулировкой сжатия и отбоя;26*8/26*10;14;;;инжектор;399;Гидравлическая, дисковая, на каждом колесе;;;;;;;;;;;;;23;2340*1280*1430;Электронный усилитель руля, передняя багажная решетка 40 кг, задняя багажная решетка 60 кг, цифровой дисплей, приложенгие Smart-moving,  лебедка с усилием 2500 фунтов, светодиодная оптика, пластиковая защита рук, пластиковые накладки на передний и задние багажники, спинка заднего пассажира, поручни для заднего пассажирка.;2 года
"Квадроциклы>>>Квадроциклы SEGWAY;Техника";Квадроцикл SEGWAY SNARLER AT10 LE;SEGWAY;snarler-at10-le;kvadrocikly-segway;1080000;;0;"kvadrocikly-segway\segway-at10-l-1.jpg; kvadrocikly-segway\segway-at10-l.jpg; kvadrocikly-segway\segway-at10-l-3.jpg; kvadrocikly-segway\segway-at10-l-4.jpg; kvadrocikly-segway\segway-at10-l-7.jpg; kvadrocikly-segway\segway-at10-l-8.jpg";999сс, 97 л.с.,;"НОВИНКА 2025 г., литровый рядный мотор, мощность, проходимость!
Неудержимый механический зверь. Запоминающийся визуальный стиль, контрастные цвета рамы и кузова создают эстетику контролируемого напряжения.";;;;4;;;;;;;2 цил. Рядный 4 тактный с жидкостным охлаждением;999;97;вариатор;"L/H/N/R/P; 2WD/4WD + блокировка переднего дифференциала, возможнсоть разблокировки заднего дифференциала";Двойной А-образный рычаг, ход: 185 мм.;Двойной А-образный рычаг, ход: 210 мм.;Газовые амортизаторы с регулировкой сжатия и отбоя и выносными резервуарами;27*9/27*11;14;;;инжектор;495;Гидравлическая, дисковая, на каждом колесе;;;;;;;;;;;;;23;2410*1259*1452;Электронный усилитель руля, обогрев ручек и курка газа, 2 режима работы ДВС, передняя багажная решетка 40 кг, задняя багажная решетка 60 кг, цифровой дисплей, приложенгие Smart-moving,  лебедка с усилием 2500 фунтов, светодиодная оптика + галоген, пластиковая защита рук, пластиковые накладки на передний и задние багажники,пассажирское сиденье, поручни для заднего пассажирка.;2 года
"Квадроциклы>>>Квадроциклы SEGWAY;Техника";Квадроцикл SEGWAY SNARLER AT10 LX;SEGWAY;snarler-at10-lx;kvadrocikly-segway;1190000;;0;kvadrocikly-segway\segway-at10-l-1.jpg;999сс, 97 л.с.,;"НОВИНКА 2025 г., литровый рядный мотор, мощность, проходимость!
Неудержимый механический зверь. Глаза LED-фары, крепкое тело и завораживающие линии. Запоминающийся визуальный стиль, контрастные цвета рамы и кузова создают эстетику контролируемого напряжения.";;;;4;;;;;;;2 цил. Рядный 4 тактный с жидкостным охлаждением;999;97;вариатор;"L/H/N/R/P; 2WD/4WD + блокировка переднего дифференциала, возможнсоть разблокировки заднего дифференциала";Двойной А-образный рычаг, ход: 185 мм.;Двойной А-образный рычаг, ход: 210 мм.;Газовые амортизаторы с регулировкой сжатия и отбоя и выносными резервуарами;27*9/27*11;14;;;инжектор;518;Гидравлическая, дисковая, на каждом колесе;;;;;;;;;;;;;23;2410*1259*1452;Электронный усилитель руля, обогрев ручек и курка газа, 2 режима работы ДВС, передняя багажная решетка 40 кг, задняя багажная решетка 60 кг, цифровой дисплей, приложенгие Smart-moving,  лебедка с усилием 4500 фунтов, светодиодная оптика, пластиковая защита рук, пластиковые накладки на передний и задние багажники,пассажирское сиденье, поручни для заднего пассажирка.;2 года
"Квадроциклы>>>Квадроциклы SEGWAY;Техника";Квадроцикл SEGWAY SNARLER AT10 LX W ;SEGWAY;snarler-at10-lxw;kvadrocikly-segway;1330000;;0;kvadrocikly-segway\segway-at10-w.jpg;999сс, 97 л.с.,;"НОВИНКА 2025 г.! Квинтэссенция мощности, брутальности и проходимости. 
Kитровый рядный мотор, мощность, проходимость!
Неудержимый механический зверь. Глаза LED-фары, крепкое тело и завораживающие линии. Запоминающийся визуальный стиль, контрастные цвета рамы и кузова создают эстетику контролируемого напряжения.";;;;4;;;;;;;2 цил. Рядный 4 тактный с жидкостным охлаждением;999;97;вариатор;"L/H/N/R/P; 2WD/4WD + блокировка переднего дифференциала, возможнсоть разблокировки заднего дифференциала";Двойной А-образный рычаг, ход: 185 мм.;Двойной А-образный рычаг, ход: 210 мм.;Газовые амортизаторы с регулировкой сжатия и отбоя и выносными резервуарами;30*10/30*10;14;;;инжектор;549;Гидравлическая, дисковая, на каждом колесе;;;;;;;;;;;;;23;2429*1489*1530;Электронный усилитель руля, обогрев ручек и курка газа, 2 режима работы ДВС, передняя багажная решетка 40 кг, задняя багажная решетка 60 кг, цифровой дисплей, приложенгие Smart-moving,  лебедка с усилием 4500 фунтов, светодиодная оптика, пластиковая защита рук, пластиковые накладки на передний и задние багажники,пассажирское сиденье, поручни для заднего пассажирка.;2 года
"Квадроциклы>>>Квадроциклы SEGWAY;Техника";Квадроцикл SEGWAY SNARLER AT10 LXW MUD;SEGWAY;snarler-at10-lxw-mud;kvadrocikly-segway;1475000;;0;"kvadrocikly-segway\SEGWAY-AT10-LXW-red-graw.jpg; kvadrocikly-segway\SEGWAY-AT10-LXW-black-matt-black.jpg; kvadrocikly-segway\SEGWAY-AT10-LXW-red-white.jpg";999сс, 97 л.с.,;"НОВИНКА 2025 г.! Квинтэссенция мощности, брутальности и проходимости. 
Kитровый рядный мотор, мощность, проходимость!
Неудержимый механический зверь. Глаза LED-фары, крепкое тело и завораживающие линии. Запоминающийся визуальный стиль, контрастные цвета рамы и кузова создают эстетику контролируемого напряжения.";;;;4;;;;;;;2 цил. Рядный 4 тактный с жидкостным охлаждением;999;97;вариатор;"L/H/N/R/P; 2WD/4WD + блокировка переднего дифференциала, возможнсоть разблокировки заднего дифференциала";Двойной А-образный рычаг, ход: 185 мм.;Двойной А-образный рычаг, ход: 210 мм.;Газовые амортизаторы с регулировкой сжатия и отбоя и выносными резервуарами;30*10/30*10;14;;;инжектор;549;Гидравлическая, дисковая, на каждом колесе;;;;;;;;;;;;;23;2429*1489*1530;Вынос радиатора, шноркеля, электронный усилитель руля, обогрев ручек и курка газа, 2 режима работы ДВС, передняя багажная решетка 40 кг, задняя багажная решетка 60 кг, цифровой дисплей, приложенгие Smart-moving,  лебедка с усилием 4500 фунтов, светодиодная оптика, пластиковая защита рук, пластиковые накладки на передний и задние багажники,пассажирское сиденье, поручни для заднего пассажирка.;2 года
"Квадроциклы>>>Мотовездеходы SEGWAY;Техника";Мотовездеход SEGWAY VILLAIN SX10 WIDE;SEGWAY;villain-sx10-wide;motovezdehody-segway;2625000;;0;"motovezdehody-segway\segway-villain-sx10-7.jpg; motovezdehody-segway\segway-villain-sx10-2.jpg; motovezdehody-segway\segway-villain-sx10-3.jpg; motovezdehody-segway\segway-villain-sx10-4.jpg; motovezdehody-segway\segway-villain-sx10-5.jpg; motovezdehody-segway\segway-villain-sx10-6.jpg; motovezdehody-segway\segway-villain-sx10.jpg; motovezdehody-segway\segway-villain-sx10-8.jpg";1000cc, 105 л.с.;"Багги от Segway не останется не замеченной

""Нет места страху"" на Villian SX10X Запредельные возможности в сочетании с современным, аэродинамическим дизайном. Как будто из фильмов о Бонде, Villian сочетает агрессивную мощь и стиль благодаря современному двигателю и настраиваемым характеристикам. Выносные бачки передних и задних амортизаторов с регулировкой преднатяга и отбоя покорят любое бездорожье с любым пилотом за рулем и не так важно будет ли это гонка по пляжу, песчаным дюнам или скоростной прохват. 30 дюймовые покрышки шириной 8 дюймов более широки, чем установленные на модель SX10 Экстремальные возможности

Выносные бачки передних и задних амортизаторов с 2х скоростной регулировкой сжатия и отбоя. Двойные A образные рычаги с ходом 400 мм спереди и 450 мм сзади превращают Segway Villian SX10 в спортивный внедорожный болид. Комплектация SX10Х включает в себя диски с наружным бэдлоком, что добавит вам увенности и проходимости на любом типе грунта. С регулировкой руля в нескольких направлениях и настраиваемым под пилота сиденьем вы всегда имеете под рукой тачскрин с необходимыми параметрами и можете получить любую информацию с одного взгляда.
";;;;4;;;;;;;2 цил. Рядный 4 тактный с жидкостным охлаждением;999;105;вариатор;"L/H/N/R/P; 2WD/4WD + блокировка переднего дифференциала, возможнсоть разблокировки заднего дифференциала";Двойной А-образный рычаг со стабилизатором поперечной устойчивости, ход 410 мм.;Многорычажная со стабилизатором поперечной устойчивости, ход 460 мм.;Газовые амортизаторы с регулируемой нагрузкой пружины;30*10/30*10;14;;;инжектор;902;Гидравлическая, дисковая, на каждом колесе;;;;;;;;;;;;;40;3380*1850*1850;Электронный усилитель руля, задняя багажная решетка 90 кг, цифровой дисплей, приложенгие Smart-moving,  лебедка с усилием 4500 фунтов, светодиодная оптика, пассажирское сиденье, поручни для заднего пассажира.;2 года
"Квадроциклы>>>Мотовездеходы SEGWAY;Техника";Мотовездеход SEGWAY SUPER VILLAIN SX20T;SEGWAY;villain-sx20-t;motovezdehody-segway;4500000;;0;"motovezdehody-segway\SEGWAY-Super-Villain-SX20-black.jpg; motovezdehody-segway\SEGWAY-Super-Villain-SX20-reg-white.jpg";2000cc turbo, 235 л.с.;Самый мощный SSV в линейке SEGWAY 2 литра, 4 цилиндра, турбонаддув, больше 200 л.с., высокий крутящий момент. Багги SEGWAY SX20  - для настоящих экстремалов!;;;;4;;;;;;;4 цил. Рядный турбированный 4 тактный с жидкостным охлаждением;2000;235;Автоматическая 7 передач;D/N/R/P, а также подруливые D/M/S, 2WD/4WD + блокировка переднего дифференциала;Двойной А-образный рычаг со стабилизатором поперечной устойчивости, ход 510 мм;Многорычажная со стабилизатором поперечной устойчивости, ход 530 мм;Газовые амортизаторы KMAN с регулируемой нагрузкой пружины;32*10/32*10;15;;;инжектор;1260;Дисковые гидравлические на все колёса. Передние: 3 поршня, Задние: 2 поршня;;;;;;;;;;;;;45;3560*1932*1873;Электронный усилитель руля, задняя багажная решетка 136 кг, цифровой дисплей, 3 режима работы ДВС, приложенгие Smart-moving,  лебедка с усилием 4500 фунтов, светодиодная оптика, пассажирское сиденье, поручни для заднего пассажира.;2 года
"Квадроциклы>>>Мотовездеходы SEGWAY;Техника";Мотовездеход SEGWAY FUGLEMAN UT10 X;SEGWAY;fugleman-ut10-x;motovezdehody-segway;2035000;;0;"motovezdehody-segway\segway-fugleman-ut10.jpg; motovezdehody-segway\segway-fugleman-ut10-2.jpg; motovezdehody-segway\segway-fugleman-ut10-3.jpg; motovezdehody-segway\segway-fugleman-ut10-4.jpg; motovezdehody-segway\segway-fugleman-ut10-5.jpg; motovezdehody-segway\segway-fugleman-ut10-6.jpg; motovezdehody-segway\segway-fugleman-ut10-7.jpg    ";1000cc, 105 л.с.;"Брутальный и крепкий! Нет такой задачи, которая была бы не по плечу Fugleman UT10! 3 великолепных цвета : белый черный и серый с контрастными цветами бампера.
Динамичный, практичный UTV - прекрасная альтернатива квадроциклам в загородной жизни. Он поможет изменить то, как вы работаете в деревне или на ферме. Мощная и надежная машина все в одном сочетает современные технологии и загородную брутальность для облегчения вашего быта, которая справится с любой тяжелой задачей по перевозке грузов и доставке вас в любую выбранную локацию. Раздвинь границы привычного и открой для себя новые подходы к работе вместе с Fugleman UT10.";;;;4;;;;;;;2 цил. Рядный 4 тактный с жидкостным охлаждением;999;105;вариатор;"L/H/N/R/P; 2WD/4WD + блокировка переднего дифференциала, возможнсоть разблокировки заднего дифференциала";Двойной А-образный рычаг со стабилизатором поперечной устойчивости;Двойной А-образный рычаг со стабилизатором поперечной устойчивости;Масляные амортизаторы с регулируемой нагрузкой пружины;27*9/27*11;14;;;инжектор;840;Гидравлическая, дисковая, на каждом колесе;;;;;;;;;;;;;45;3100*1625*200;Электронный усилитель руля, задняя багажная платформа 250 кг, 3 местная кабина открытого типа, цифровой дисплей, приложенгие Smart-moving,  лебедка с усилием 4500 фунтов, светодиодная оптика, пассажирское сиденье, поручни для заднего пассажира.;2 года
"Квадроциклы>>>Мотовездеходы SEGWAY;Техника";Мотовездеход SEGWAY FUGLEMAN UT10 CREW STANDART;SEGWAY;fugleman-ut10-crew-standart;motovezdehody-segway;2330000;;0;"motovezdehody-segway\segway-fugleman-ut10-crew-3.jpg; motovezdehody-segway\segway-fugleman-ut10-crew-2.jpg; motovezdehody-segway\segway-fugleman-ut10-crew-4.jpg; motovezdehody-segway\segway-fugleman-ut10-crew-5.jpg; motovezdehody-segway\segway-fugleman-ut10-crew-6.jpg; motovezdehody-segway\segway-fugleman-ut10-crew-7.jpg";1000cc, 105 л.с.;"SEGWAY Fugleman UT10 Crew — мощный UTV, с вместимостью до 6 пассажиров и большим свободным пространством для ног. Оснащенный двигателем DOHC объемом 1000 см3, UT10 Crew способен перевозить пассажиров и большое количество полезных грузов. Превосходные возможности буксировки и транспортировки делают любую работу с Fugleman UT10 Crew проще и эффективнее. Просторная кабина

В салоне с комфортом помещается до 6 пассажиров, с большим пространством для ног. Места хранения под сиденьем

Под правым пассажирским сиденьем расположены два вещевых ящика емкостью 5,5 галлонов.
Регулируемый электроусилитель руля (EPS)

Отличная стабилизация техники, поворот колеса без усилий. Легкая настройка трёх режимов (Комфорт/Стандарт/Спорт) через приложение. Интеллектуальная система, обеспечивающая отличную управляемость и безопасность.
Передняя и задняя блокировка дифференциала

Возможность выбора режимов 2WD/4WD/TURF с блокировкой заднего дифференциала, для максимального увеличения тяги всех четырех колес.";;;;4;;;;;;;2 цил. Рядный 4 тактный с жидкостным охлаждением;999;105;вариатор;"L/H/N/R/P; 2WD/4WD + блокировка переднего дифференциала, возможнсоть разблокировки заднего дифференциала";Двойной А-образный рычаг со стабилизатором поперечной устойчивости;Двойной А-образный рычаг со стабилизатором поперечной устойчивости;Масляные амортизаторы с регулируемой нагрузкой пружины;27*9/27*11;14;;;инжектор;930;Гидравлическая, дисковая, на каждом колесе;;;;;;;;;;;;;45;3975*1600*1920;Электронный усилитель руля, задняя багажная платформа 250 кг, 6 местная кабина открытого типа, цифровой дисплей, приложенгие Smart-moving,  лебедка с усилием 4500 фунтов, светодиодная оптика, пассажирское сиденье, поручни для заднего пассажира.;2 года
"Квадроциклы>>>Мотовездеходы SEGWAY;Техника";Мотовездеход SEGWAY FUGLEMAN UT10 CREW PREMIUM;SEGWAY;fugleman-ut10-crew-premium;motovezdehody-segway;2520000;;0;motovezdehody-segway\segway-fugleman-ut10-crew.jpg;1000cc, 105 л.с.;"SEGWAY Fugleman UT10 Crew — мощный UTV, с вместимостью до 6 пассажиров и большим свободным пространством для ног. Оснащенный двигателем DOHC объемом 1000 см3, UT10 Crew способен перевозить пассажиров и большое количество полезных грузов. Превосходные возможности буксировки и транспортировки делают любую работу с Fugleman UT10 Crew проще и эффективнее. Просторная кабина

В салоне с комфортом помещается до 6 пассажиров, с большим пространством для ног. Места хранения под сиденьем

Под правым пассажирским сиденьем расположены два вещевых ящика емкостью 5,5 галлонов.
Регулируемый электроусилитель руля (EPS)

Отличная стабилизация техники, поворот колеса без усилий. Легкая настройка трёх режимов (Комфорт/Стандарт/Спорт) через приложение. Интеллектуальная система, обеспечивающая отличную управляемость и безопасность.
Передняя и задняя блокировка дифференциала

Возможность выбора режимов 2WD/4WD/TURF с блокировкой заднего дифференциала, для максимального увеличения тяги всех четырех колес.";;;;4;;;;;;;2 цил. Рядный 4 тактный с жидкостным охлаждением;999;105;вариатор;"L/H/N/R/P; 2WD/4WD + блокировка переднего дифференциала, возможнсоть разблокировки заднего дифференциала";Двойной А-образный рычаг со стабилизатором поперечной устойчивости;Двойной А-образный рычаг со стабилизатором поперечной устойчивости;Масляные амортизаторы с регулируемой нагрузкой пружины;27*9/27*11;14;;;инжектор;930;Гидравлическая, дисковая, на каждом колесе;;;;;;;;;;;;;45;3975*1600*1920;Электронный усилитель руля, задняя багажная платформа 250 кг, 6 местная кабина открытого типа с дверьми, цифровой дисплей, приложенгие Smart-moving,  лебедка с усилием 4500 фунтов, светодиодная оптика, пассажирское сиденье, поручни для заднего пассажира.;2 года
"Квадроциклы>>>Квадроциклы STELS;Техника";"Квадроцикл STELS ATV 650 GUEPARD TE 2.0 - 27"" КАМА, 6*12/7.5*12, CVTech";STELS;stels-650G-te;kvadrocikly-stels;1050000;;0;kvadrocikly-stels\STELS-ATV-GUEPARD-650-TE-oak-camo-kama.jpg;52 л.с., 650 куб. см.;"STELS GUEAPRD 2.0 пошел в серию. Обновленная модель. Больше проходимости, больше эмоций и впечатлений, больше качественных изменений для потребителей.
STELS GUEPARD 650 не оставит в вашем календаре выходных без ""покатушек"", квадропутешествий и выездов выходного дня.
Формула этого квадроцикла очень проста:
2 цилиндра + четкий отклик курка газа + высокий клиренс 31см + пассажирское сиденье + комфортная подвеска и управляемость = те самые дни проведенные с STELS GUEPARD 650, которые захочется повторить.";;;;4;;;;;;;2 цил. V-образный, 4 тактный жидкостного охлаждения;650;52;вариатор;"L/H/N/R/P; 2WD/4WD + блокировка переднего дифференциала";Независимая, 2-х рычажная, с пружинно-гидравлическим амортизатором;Независимая, 2-х рычажная, с пружинно-гидравлическим амортизатором;газомаслянные;27*10/27*10 Кама;12;;;инжектор;452;Дисковая гидравлическая;;;;;;;;;;;;;30;2390*1350*1557;Электронный усилитель руля, передняя багажная решетка 25 кг, задняя багажная решетка 60 кг, цифровой дисплей, лебедка с усилием 1500 кг., светодиодная оптика, пластиковая защита рук, зеркала заднего вида, пассажирское сиденье, защита днища, силовой передний и задний бампер.;2 года
"Квадроциклы>>>Квадроциклы STELS;Техника";Квадроцикл STELS ATV 800G GUEPARD TE 2.0 - ОБЪЕКТ K01;STELS;stels-800G-object-k01;kvadrocikly-stels;970000;;0;kvadrocikly-stels\STELS-800-GUEPARD-LT-gray-kama.jpg;67 л.с., 800 куб. см.;"STELS GUEAPRD 2.0 пошел в серию. Обновленная модель. Больше проходимости, больше эмоций и впечатлений, больше качественных изменений для потребителей.
STELS GUEPARD 800 не оставит в вашем календаре выходных без ""покатушек"", квадропутешествий и выездов выходного дня.
Формула этого квадроцикла очень проста:
2 цилиндра + четкий отклик курка газа + высокий клиренс 31см + пассажирское сиденье + комфортная подвеска и управляемость = те самые дни проведенные с STELS GUEPARD 800, которые захочется повторить.";;;;4;;;;;;;2 цил. V-образный, 4 тактный жидкостного охлаждения;800;67;вариатор;"L/H/N/R/P; 2WD/4WD + блокировка переднего дифференциала";Независимая, 2-х рычажная, с пружинно-гидравлическим амортизатором;Независимая, 2-х рычажная, с пружинно-гидравлическим амортизатором;газомаслянные;28*10/28*10 КАМА;14;;;инжектор;426;Дисковая гидравлическая;;;;;;;;;;;;;30;2390*1350*1545;Задняя багажная решетка 60 кг, цифровой дисплей, лебедка с усилием 3500 фунтов, светодиодная оптика, пластиковая защита рук, зеркала заднего вида, фаркоп.;2 года
"Квадроциклы>>>Квадроциклы STELS;Техника";Квадроцикл STELS ATV 800G GUEPARD TE 2.0 - K01;STELS;stels-800G-te-k01;kvadrocikly-stels;1160000;;0;"kvadrocikly-stels\STELS-ATV-GUEPARD-800-TE-camo-black-matt-kama.jpg; kvadrocikly-stels\\STELS-ATV-GUEPARD-800-TE-camo-glayanetc-new-kama.jpg; kvadrocikly-stels\\STELS-ATV-GUEPARD-800-TE-camo-kama-1.jpg";67 л.с., 800 куб. см.;"STELS GUEAPRD 2.0 пошел в серию. Обновленная модель. Больше проходимости, больше эмоций и впечатлений, больше качественных изменений для потребителей.
STELS GUEPARD 800 не оставит в вашем календаре выходных без ""покатушек"", квадропутешествий и выездов выходного дня.
Формула этого квадроцикла очень проста:
2 цилиндра + четкий отклик курка газа + высокий клиренс 31см + пассажирское сиденье + комфортная подвеска и управляемость = те самые дни проведенные с STELS GUEPARD 800, которые захочется повторить.";;;;4;;;;;;;2 цил. V-образный, 4 тактный жидкостного охлаждения;800;67;вариатор;"L/H/N/R/P; 2WD/4WD + блокировка переднего дифференциала";Независимая, 2-х рычажная, с пружинно-гидравлическим амортизатором;Независимая, 2-х рычажная, с пружинно-гидравлическим амортизатором;газомаслянные;28*10/28*10 КАМА;14;;;инжектор;426;Дисковая гидравлическая;;;;;;;;;;;;;30;2390*1350*1545;Электронный усилитель руля, передняя багажная решетка 25 кг, задняя багажная решетка 60 кг, цифровой дисплей, лебедка с усилием 3500 фунтов., светодиодная оптика, пластиковая защита рук, зеркала заднего вида, пассажирское сиденье, защита днища, силовой передний и задний бампер, фаркоп.;2 года
"Квадроциклы>>>Квадроциклы STELS;Техника";Квадроцикл STELS ATV 800G GUEPARD TE 2.0 - K02;STELS;stels-800G-te-k02;kvadrocikly-stels;1140000;;0;"kvadrocikly-stels\STELS-ATV-GUEPARD-800-TE-camo-black-matt-kama.jpg; kvadrocikly-stels\\STELS-ATV-GUEPARD-800-TE-camo-glayanetc-new-kama.jpg; kvadrocikly-stels\\STELS-ATV-GUEPARD-800-TE-camo-kama-1.jpg";67 л.с., 800 куб. см.;"STELS GUEAPRD 2.0 пошел в серию. Обновленная модель. Больше проходимости, больше эмоций и впечатлений, больше качественных изменений для потребителей.
STELS GUEPARD 800 не оставит в вашем календаре выходных без ""покатушек"", квадропутешествий и выездов выходного дня.
Формула этого квадроцикла очень проста:
2 цилиндра + четкий отклик курка газа + высокий клиренс 31см + пассажирское сиденье + комфортная подвеска и управляемость = те самые дни проведенные с STELS GUEPARD 800, которые захочется повторить.";;;;4;;;;;;;2 цил. V-образный, 4 тактный жидкостного охлаждения;800;67;вариатор;"L/H/N/R/P; 2WD/4WD + блокировка переднего дифференциала";Независимая, 2-х рычажная, с пружинно-гидравлическим амортизатором;Независимая, 2-х рычажная, с пружинно-гидравлическим амортизатором;газомаслянные;28*10/28*10 КАМА;12;;;инжектор;426;Дисковая гидравлическая;;;;;;;;;;;;;30;2390*1350*1546;Электронный усилитель руля,  передняя багажная решетка 25 кг,  задняя багажная решетка 60 кг, цифровой дисплей, лебедка с усилием 3500 фунтов., светодиодная оптика, пластиковая защита рук, зеркала заднего вида, пассажирское сиденье, защита днища, силовой передний и задний бампер, фаркоп.;2 года
"Квадроциклы>>>Квадроциклы STELS;Техника";Квадроцикл STELS ATV 800G GUEPARD PE 2.0 - K05 GN  ;STELS;stels-800G-pe-k05-gn;kvadrocikly-stels;1230000;;0;"kvadrocikly-stels\STELS-ATV-GUEPARD-800-TE-camo-black-matt-kama.jpg; kvadrocikly-stels\\STELS-ATV-GUEPARD-800-TE-camo-glayanetc-new-kama.jpg; kvadrocikly-stels\\STELS-ATV-GUEPARD-800-TE-camo-kama-1.jpg";67 л.с., 800 куб. см.;"STELS GUEAPRD 2.0 пошел в серию. Обновленная модель. Больше проходимости, больше эмоций и впечатлений, больше качественных изменений для потребителей.
STELS GUEPARD 800 не оставит в вашем календаре выходных без ""покатушек"", квадропутешествий и выездов выходного дня.
Формула этого квадроцикла очень проста:
2 цилиндра + четкий отклик курка газа + высокий клиренс 31см + пассажирское сиденье + комфортная подвеска и управляемость = те самые дни проведенные с STELS GUEPARD 800, которые захочется повторить.";;;;4;;;;;;;2 цил. V-образный, 4 тактный жидкостного охлаждения;800;67;вариатор;"L/H/N/R/P; 2WD/4WD + блокировка переднего дифференциала";Независимая, 2-х рычажная, с пружинно-гидравлическим амортизатором;Независимая, 2-х рычажная, с пружинно-гидравлическим амортизатором;газомаслянные;28*10/28*10 КАМА;14;;;инжектор;451;Дисковая гидравлическая;;;;;;;;;;;;;30;2390*1350*1547;Электронный усилитель руля, вынос радиатора, шнокрель, кофр, подогрев ручек и курка, задняя багажная решетка 60 кг, цифровой дисплей, лебедка с усилием 3500 фунтов., светодиодная оптика, пластиковая защита рук, зеркала заднего вида, пассажирское сиденье, защита днища, силовой передний и задний бампер, фаркоп.;2 года
"Квадроциклы>>>Квадроциклы STELS;Техника";Квадроцикл STELS ATV 800G GUEPARD PE 2.0 - Экспедиция K01;STELS;stels-800G-pe-k01-expedition;kvadrocikly-stels;1230000;;0;"kvadrocikly-stels\STELS-ATV-GUEPARD-800-PE-Expedition-AL.jpg; kvadrocikly-stels\STELS-ATV-GUEPARD-800-PE-Expedition-AL-black.jpg; kvadrocikly-stels\STELS-ATV-GUEPARD-800-PE-Expedition-AL-NEW.jpg; kvadrocikly-stels\\STELS-ATV-GUEPARD-800-PE-Expedition-kama.jpg";67 л.с., 800 куб. см.;"STELS GUEAPRD 2.0 пошел в серию. Обновленная модель. Больше проходимости, больше эмоций и впечатлений, больше качественных изменений для потребителей.
STELS GUEPARD 800 не оставит в вашем календаре выходных без ""покатушек"", квадропутешествий и выездов выходного дня.
Формула этого квадроцикла очень проста:
2 цилиндра + четкий отклик курка газа + высокий клиренс 31см + пассажирское сиденье + комфортная подвеска и управляемость = те самые дни проведенные с STELS GUEPARD 800, которые захочется повторить.";;;;4;;;;;;;2 цил. V-образный, 4 тактный жидкостного охлаждения;800;67;вариатор;"L/H/N/R/P; 2WD/4WD + блокировка переднего дифференциала";Независимая, 2-х рычажная, с пружинно-гидравлическим амортизатором;Независимая, 2-х рычажная, с пружинно-гидравлическим амортизатором;газомаслянные;28*10/28*10 КАМА;14;;;инжектор;451;Дисковая гидравлическая;;;;;;;;;;;;;30;2390*1350*1548;Электронный усилитель руля, вынос радиатора, шнокрель, кофр, подогрев ручек и курка, задняя багажная решетка 60 кг, цифровой дисплей, лебедка с усилием 3500 фунтов., светодиодная оптика, пластиковая защита рук, зеркала заднего вида, пассажирское сиденье, защита днища, силовой передний и задний бампер, фаркоп.;2 года
"Квадроциклы>>>Квадроциклы STELS;Техника";Квадроцикл STELS ATV 800G GUEPARD PE 2.0 - Экспедиция K02;STELS;stels-800G-pe-k02-expedition;kvadrocikly-stels;1230000;;0;"kvadrocikly-stels\STELS-ATV-GUEPARD-800-PE-Expedition-AL.jpg; kvadrocikly-stels\STELS-ATV-GUEPARD-800-PE-Expedition-AL-black.jpg; kvadrocikly-stels\STELS-ATV-GUEPARD-800-PE-Expedition-AL-NEW.jpg; kvadrocikly-stels\\STELS-ATV-GUEPARD-800-PE-Expedition-kama.jpg";67 л.с., 800 куб. см.;"STELS GUEAPRD 2.0 пошел в серию. Обновленная модель. Больше проходимости, больше эмоций и впечатлений, больше качественных изменений для потребителей.
STELS GUEPARD 800 не оставит в вашем календаре выходных без ""покатушек"", квадропутешествий и выездов выходного дня.
Формула этого квадроцикла очень проста:
2 цилиндра + четкий отклик курка газа + высокий клиренс 31см + пассажирское сиденье + комфортная подвеска и управляемость = те самые дни проведенные с STELS GUEPARD 800, которые захочется повторить.";;;;4;;;;;;;2 цил. V-образный, 4 тактный жидкостного охлаждения;800;67;вариатор;"L/H/N/R/P; 2WD/4WD + блокировка переднего дифференциала";Независимая, 2-х рычажная, с пружинно-гидравлическим амортизатором;Независимая, 2-х рычажная, с пружинно-гидравлическим амортизатором;газомаслянные;28*10/28*10 КАМА;12;;;инжектор;451;Дисковая гидравлическая;;;;;;;;;;;;;30;2390*1350*1549;Электронный усилитель руля, вынос радиатора, шнокрель, кофр, подогрев ручек и курка, задняя багажная решетка 60 кг, цифровой дисплей, лебедка с усилием 3500 фунтов., светодиодная оптика, пластиковая защита рук, зеркала заднего вида, пассажирское сиденье, защита днища, силовой передний и задний бампер, фаркоп.;2 года
"Квадроциклы>>>Квадроциклы STELS;Техника";Квадроцикл STELS ATV 800G GUEPARD PE 2.0 - Экспедиция K03;STELS;stels-800G-pe-k03-expedition;kvadrocikly-stels;1290000;;0;"kvadrocikly-stels\STELS-ATV-GUEPARD-800-PE-Expedition-AL.jpg; kvadrocikly-stels\STELS-ATV-GUEPARD-800-PE-Expedition-AL-black.jpg; kvadrocikly-stels\STELS-ATV-GUEPARD-800-PE-Expedition-AL-NEW.jpg; kvadrocikly-stels\\STELS-ATV-GUEPARD-800-PE-Expedition-kama.jpg";67 л.с., 800 куб. см.;"STELS GUEAPRD 2.0 пошел в серию. Обновленная модель. Больше проходимости, больше эмоций и впечатлений, больше качественных изменений для потребителей.
STELS GUEPARD 800 не оставит в вашем календаре выходных без ""покатушек"", квадропутешествий и выездов выходного дня.
Формула этого квадроцикла очень проста:
2 цилиндра + четкий отклик курка газа + высокий клиренс 31см + пассажирское сиденье + комфортная подвеска и управляемость = те самые дни проведенные с STELS GUEPARD 800, которые захочется повторить.";;;;4;;;;;;;2 цил. V-образный, 4 тактный жидкостного охлаждения;800;67;вариатор;"L/H/N/R/P; 2WD/4WD + блокировка переднего дифференциала";Независимая, 2-х рычажная, с пружинно-гидравлическим амортизатором;Независимая, 2-х рычажная, с пружинно-гидравлическим амортизатором;газомаслянные;28*10/28*10 КАМА;14 beadlock;;;инжектор;451;Дисковая гидравлическая;;;;;;;;;;;;;30;2390*1350*1550;Электронный усилитель руля, вынос радиатора, шнокрель, кофр, подогрев ручек и курка, задняя багажная решетка 60 кг, цифровой дисплей, лебедка с усилием 3500 фунтов., светодиодная оптика, пластиковая защита рук, зеркала заднего вида, пассажирское сиденье, защита днища, силовой передний и задний бампер, фаркоп.;2 года
"Квадроциклы>>>Квадроциклы STELS;Техника";Квадроцикл STELS ATV 800G GUEPARD PE 2.0 - Экспедиция K04;STELS;stels-800G-pe-k04-expedition;kvadrocikly-stels;1240000;;0;"kvadrocikly-stels\STELS-ATV-GUEPARD-800-PE-Expedition-AL.jpg; kvadrocikly-stels\STELS-ATV-GUEPARD-800-PE-Expedition-AL-black.jpg; kvadrocikly-stels\STELS-ATV-GUEPARD-800-PE-Expedition-AL-NEW.jpg; kvadrocikly-stels\\STELS-ATV-GUEPARD-800-PE-Expedition-kama.jpg";67 л.с., 800 куб. см.;"STELS GUEAPRD 2.0 пошел в серию. Обновленная модель. Больше проходимости, больше эмоций и впечатлений, больше качественных изменений для потребителей.
STELS GUEPARD 800 не оставит в вашем календаре выходных без ""покатушек"", квадропутешествий и выездов выходного дня.
Формула этого квадроцикла очень проста:
2 цилиндра + четкий отклик курка газа + высокий клиренс 31см + пассажирское сиденье + комфортная подвеска и управляемость = те самые дни проведенные с STELS GUEPARD 800, которые захочется повторить.";;;;4;;;;;;;2 цил. V-образный, 4 тактный жидкостного охлаждения;800;67;вариатор;"L/H/N/R/P; 2WD/4WD + блокировка переднего дифференциала";Независимая, 2-х рычажная, с пружинно-гидравлическим амортизатором;Независимая, 2-х рычажная, с пружинно-гидравлическим амортизатором;газомаслянные;28*10/28*10 КАМА;12;;;инжектор;451;Дисковая гидравлическая;;;;;;;;;;;;;30;2390*1350*1551;Электронный усилитель руля, вынос радиатора, шнокрель, кофр, подогрев ручек и курка, задняя багажная решетка 60 кг, цифровой дисплей, лебедка с усилием 3500 фунтов., светодиодная оптика, пластиковая защита рук, зеркала заднего вида, пассажирское сиденье, защита днища, силовой передний и задний бампер, фаркоп.;2 года
"Квадроциклы>>>Квадроциклы STELS;Техника";Квадроцикл STELS ATV 800G GUEPARD FF 2.0 - K01;STELS;stels-800G-ff-k01;kvadrocikly-stels;1360000;;0;"kvadrocikly-stels\STELS-ATV-GUEPARD-800-PE-Expedition-AL.jpg; kvadrocikly-stels\STELS-ATV-GUEPARD-800-PE-Expedition-AL-black.jpg; kvadrocikly-stels\STELS-ATV-GUEPARD-800-PE-Expedition-AL-NEW.jpg; kvadrocikly-stels\\STELS-ATV-GUEPARD-800-PE-Expedition-kama.jpg";67 л.с., 800 куб. см.;"STELS GUEAPRD 2.0 пошел в серию. Обновленная модель. Больше проходимости, больше эмоций и впечатлений, больше качественных изменений для потребителей.
STELS GUEPARD 800 не оставит в вашем календаре выходных без ""покатушек"", квадропутешествий и выездов выходного дня.
Формула этого квадроцикла очень проста:
2 цилиндра + четкий отклик курка газа + высокий клиренс 31см + пассажирское сиденье + комфортная подвеска и управляемость = те самые дни проведенные с STELS GUEPARD 800, которые захочется повторить.";;;;4;;;;;;;2 цил. V-образный, 4 тактный жидкостного охлаждения;800;67;вариатор;"L/H/N/R/P; 2WD/4WD + блокировка переднего дифференциала";Независимая, 2-х рычажная, с пружинно-гидравлическим амортизатором;Независимая, 2-х рычажная, с пружинно-гидравлическим амортизатором;газомаслянные;28*10/28*10 КАМА;14;;;инжектор;475;Дисковая гидравлическая;;;;;;;;;;;;;30;2880*1350*1545;Электронный усилитель руля,  передняя багажная решетка,  задняя багажная решетка, цифровой дисплей, лебедка с усилием 3500 фунтов., светодиодная оптика, пластиковая защита рук, зеркала заднего вида, пассажирское сиденье, защита днища, силовой передний и задний бампер, фаркоп, усиленая защита дугами по бокам.;2 года
"Квадроциклы>>>Квадроциклы STELS;Техника";Квадроцикл STELS ATV 850G GUEPARD PE 2.0 - K01;STELS;stels-850G-pe-k01;kvadrocikly-stels;1200000;;0;kvadrocikly-stels\STELS-GUEPARD-ATV-850-PE-gray-black-1.jpg;69 л.с., 850 куб. см.;"STELS GUEAPRD 2.0 пошел в серию. Обновленная модель. Больше проходимости, больше эмоций и впечатлений, больше качественных изменений для потребителей.
STELS GUEPARD 850 не оставит в вашем календаре выходных без ""покатушек"", квадропутешествий и выездов выходного дня.
Формула этого квадроцикла очень проста:
2 цилиндра + четкий отклик курка газа + высокий клиренс 31см + пассажирское сиденье + комфортная подвеска и управляемость = те самые дни проведенные с STELS GUEPARD 850, которые захочется повторить.";;;;4;;;;;;;2 цил. V-образный, 4 тактный жидкостного охлаждения;850;69;вариатор;"L/H/N/R/P; 2WD/4WD + блокировка переднего дифференциала";Независимая, 2-х рычажная, с пружинно-гидравлическим амортизатором;Независимая, 2-х рычажная, с пружинно-гидравлическим амортизатором;газомаслянные;28*10/28*10 КАМА;14;;;инжектор;461;Дисковая гидравлическая;;;;;;;;;;;;;30;2390*1350*1545;Электронный усилитель руля,  передняя багажная решетка 25 кг,  задняя багажная решетка 60 кг, цифровой дисплей, лебедка с усилием 3500 фунтов., светодиодная оптика, пластиковая защита рук, зеркала заднего вида, пассажирское сиденье, защита днища, силовой передний и задний бампер, фаркоп.;2 года
"Квадроциклы>>>Квадроциклы STELS;Техника";Квадроцикл STELS ATV 1000 GUEPARD PE 2.0 LX Экспедиция;STELS;stels-1000G-pe-lx-expedition;kvadrocikly-stels;1430000;;0;"kvadrocikly-stels\stels-atv-1000g-2026.jpg; kvadrocikly-stels\stels-atv-1000g-2026-1.jpg; kvadrocikly-stels\stels-atv-1000g-2026-2.jpg; kvadrocikly-stels\stels-atv-1000g-2026-3.jpg; kvadrocikly-stels\stels-atv-1000g-2026-4.jpg  ";99 л.с., 1000 куб. см.;"STELS GUEAPRD 2.0 пошел в серию. Обновленная модель. Больше проходимости, больше эмоций и впечатлений, больше качественных изменений для потребителей.
STELS GUEPARD 1000 не оставит в вашем календаре выходных без ""покатушек"", квадропутешествий и выездов выходного дня.
Формула этого квадроцикла очень проста:
2 цилиндра + четкий отклик курка газа + высокий клиренс 31см + пассажирское сиденье + комфортная подвеска и управляемость = те самые дни проведенные с STELS GUEPARD 1000, которые захочется повторить.";;;;4;;;;;;;2 цил. V-образный, 4 тактный жидкостного охлаждения;1000;99;вариатор;"L/H/N/R/P; 2WD/4WD + блокировка переднего дифференциала";Независимая, 2-х рычажная, с пружинно-гидравлическим амортизатором;Независимая, 2-х рычажная, с пружинно-гидравлическим амортизатором;газомаслянные;28*10/28*10 КАМА;14;;;инжектор;461;Дисковая гидравлическая;;;;;;;;;;;;;30;2496*1350*1555;Электронный усилитель руля, вынос радиатора, шнокрель, кофр, подогрев ручек и курка, задняя багажная решетка 60 кг, цифровой дисплей, лебедка с усилием 3500 фунтов., светодиодная оптика, пластиковая защита рук, зеркала заднего вида, пассажирское сиденье, защита днища, силовой передний и задний бампер, фаркоп.;2 года
"Лодки>>>Лодки Gladiator;Техника";Лодка Gladiator B330;GLADIATOR;gladiator-b330;lodki-gladiator;52900;;0;lodki-gladiator\b330.jpg;330 см, 4 л.с., фанера;Лодка Gladaitor B330  - это лодка длинной 330 см и фанерной сланью.;;;;;;;;;килевая;fanera;;;;;;;;;;;;;;42;;3,3*1,54;2,03*0,7;0,42;4;15;500;3+1;;;;;381;;;Ножной насос, весла, сиденья, сумка для лодки, ремонтный набор;
"Лодки>>>Лодки Gladiator;Техника";Лодка Gladiator B330AL;GLADIATOR;gladiator-b330al;lodki-gladiator;76100;;0;lodki-gladiator\b330al.jpg;330 см, 10 л.с., алюминий;Лодка Gladaitor B330AL  - это лодка длинной 330 см и алюминиевой сланью.;;;;;;;;;килевая;aluminum;;;;;;;;;;;;;;50;;3,3*1,54;2,03*0,7;0,42;4;15;500;3+1;;;;;381;;;Ножной насос, весла, сиденья, сумка для пола, комплект пола, сумка для лодки, ремонтный набор;
"Лодки>>>Лодки Gladiator;Техника";Лодка Gladiator B370;GLADIATOR;gladiator-b370;lodki-gladiator;69000;;0;lodki-gladiator\b370.jpg;370 см, 30 л.с., фанера;Лодка Gladaitor B370  - это лодка длинной 370 см и фанерной сланью.;;;;;;;;;килевая;fanera;;;;;;;;;;;;;;64;;3,7*1,74;2,41*0,82;0,46;5;30;650;3+1;;;;;381;;;Ножной насос, весла, сиденья, сумка для лодки, ремонтный набор;
"Лодки>>>Лодки Gladiator;Техника";Лодка Gladiator B370AL;GLADIATOR;gladiator-b370al;lodki-gladiator;84500;;0;lodki-gladiator\b370al.jpg;370 см., 15 л.с., алюмний;Лодка Gladaitor B370AL  - это лодка длинной 370 см и алюминиевой сланью.;;;;;;;;;килевая;aluminum;;;;;;;;;;;;;;64;;3,7*1,74;2,41*0,82;0,46;5;30;650;3+1;;;;;381;;;Ножной насос, весла, сиденья, сумка для пола, комплект пола, сумка для лодки, ремонтный набор;
"Лодки>>>Лодки Gladiator;Техника";Лодка Gladiator B420;GLADIATOR;gladiator-b420;lodki-gladiator;85600;;0;lodki-gladiator\b420.jpg;420 см, 40 л.с., фанера;Лодка Gladaitor B420  - это лодка длинной 420 см и фанерной сланью.;;;;;;;;;килевая;fanera;;;;;;;;;;;;;;76;;4,2*1,74;2,71*0,82;0,46;85;30;650;3+1;;;;;381;;;Ножной насос, весла, сиденья, сумка для лодки, ремонтный набор;
"Лодки>>>Лодки Gladiator;Техника";Лодка Gladiator E330S;GLADIATOR;gladiator-e330s;lodki-gladiator;57200;;0;lodki-gladiator\e330s.jpg;330 см, 10 л.с., НДНД;Лодка Gladaitor E330S  - это лодка длинной 330 см и надувным дном.;;;;;;;;;килевая;air;;;;;;;;;;;;;;33;;3,3*1,64;2,1*0,74;0,45;3;15;400;3+1;;;;;381;;;Ножной насос, весла, сиденья, сумка для лодки, ремонтный набор;
"Лодки>>>Лодки Gladiator;Техника";Лодка Gladiator E350 PRO;GLADIATOR;gladiator-e350-pro;lodki-gladiator;77400;;0;lodki-gladiator\e350pro.jpg;350 см., 15 л.с., НДНД;Лодка Gladaitor E350 PRO  - это лодка длинной 350 см и надувным дном, в широкой комплектации - носовой нет и накладки на сиденье с рундуками.;;;;;;;;;килевая;air;;;;;;;;;;;;;;50;;3,5*1,72;2,39*0,74;0,48;3;15;400;3+1;;;;;381;;;Ножной насос, весла, сиденья, носовой тент с надувным основанием, накладка на сиденье с сумкой, накладка на сиденье, сумка для лодки, ремонтный набор;
"Лодки>>>Лодки Gladiator;Техника";Лодка Gladiator E350S;GLADIATOR;gladiator-e350-s;lodki-gladiator;60400;;0;lodki-gladiator\e350.jpg;350 см., 15 л.с.,НДНД;Лодка Gladaitor E350S  - это лодка длинной 350 см и надувным дном.;;;;;;;;;килевая;air;;;;;;;;;;;;;;42;;3,5*1,67;2,21*0,77;0,45;3;15;400;3+1;;;;;381;;;Ножной насос, весла, сиденья, сумка для лодки, ремонтный набор;
"Лодки>>>Лодки Gladiator;Техника";Лодка Gladiator E380 PRO;GLADIATOR;gladiator-e380-pro;lodki-gladiator;86200;;0;lodki-gladiator\e380pro.jpg;380 см., 30 л.с., НДНД;Лодка Gladaitor E380 PRO  - это лодка длинной 380 см и надувным дном, в широкой комплектации - носовой нет и накладки на сиденье с рундуками.;;;;;;;;;килевая;air;;;;;;;;;;;;;;53;;3,8*1,78;2,66*0,82;0,48;4;30;600;3+1;;;;;381;;;Ножной насос, весла, сиденья, носовой тент с надувным основанием, накладка на сиденье с сумкой, накладка на сиденье, сумка для лодки, ремонтный набор;
"Лодки>>>Лодки Gladiator;Техника";Лодка Gladiator E380S;GLADIATOR;gladiator-e380-s;lodki-gladiator;74200;;0;lodki-gladiator\e380.jpg;380 см, 30 л.с., НДНД;Лодка Gladaitor E380S  - это лодка длинной 380 см и надувным дном.;;;;;;;;;килевая;air;;;;;;;;;;;;;;45;;3,8*1,78;2,66*0,82;0,48;4;30;600;3+1;;;;;381;;;Ножной насос, весла, сиденья, сумка для лодки, ремонтный набор;
"Лодки>>>Лодки Gladiator;Техника";Лодка Gladiator E420 PRO;GLADIATOR;gladiator-e420-pro;lodki-gladiator;97500;;0;lodki-gladiator\e420pro.jpg;420 см., 40 л.с., НДНД;Лодка Gladaitor E420 PRO  - это лодка длинной 420 см и надувным дном, в широкой комплектации - носовой нет и накладки на сиденье с рундуками.;;;;;;;;;килевая;air;;;;;;;;;;;;;;63;;4,2*1,92;2,84*0,92;0,5;6;40;800;3+1;;;;;381;;;Ножной насос, весла, сиденья, носовой тент с надувным основанием, накладка на сиденье с сумкой, накладка на сиденье, сумка для лодки, ремонтный набор;
"Лодки>>>Лодки Gladiator;Техника";Лодка Gladiator E420S;GLADIATOR;gladiator-e420-s;lodki-gladiator;93600;;0;lodki-gladiator\e420.jpg;420 см, 40 л.с., НДНД,;Лодка Gladaitor E420S  - это лодка длинной 420 см и надувным дном.;;;;;;;;;килевая;air;;;;;;;;;;;;;;55;;4,2*1,92;2,84*0,92;0,5;6;40;800;3+1;;;;;381;;;Ножной насос, весла, сиденья, сумка для лодки, ремонтный набор;
"Лодки>>>Лодки Gladiator;Техника";Лодка Gladiator E450 PRO;GLADIATOR;gladiator-e450-pro;lodki-gladiator;100400;;0;lodki-gladiator\e450pro.jpg;450 см., 40 л.с., НДНД;Лодка Gladaitor E450 PRO  - это лодка длинной 450 см и надувным дном, в широкой комплектации - носовой нет и накладки на сиденье с рундуками.;;;;;;;;;килевая;air;;;;;;;;;;;;;;77;;4,5*1,85;3,25*0,85;0,5;6;40;800;3+1;;;;;381;;;Ножной насос, весла, сиденья, носовой тент с надувным основанием, накладка на сиденье с сумкой, накладка на сиденье, сумка для лодки, ремонтный набор;
"Лодки>>>Лодки Gladiator;Техника";Лодка Gladiator С330AL;GLADIATOR;gladiator-c330-al;lodki-gladiator;78800;;0;lodki-gladiator\c330al.jpg;330 см, 10 л.с., алюминий;Лодка Gladaitor C330AL  - это лодка длинной 330 см и алюминиевой сланью.;;;;;;;;;килевая;air;;;;;;;;;;;;;;55;;3,3*1,54;2,21*0,7;0,42;4;15;575;3+1;;;;;381;;;Ножной насос, весла, сиденья, сумка для пола, комплект пола, сумка для лодки, ремонтный набор;
"Лодки>>>Лодки Gladiator;Техника";Лодка Gladiator С370AL;GLADIATOR;gladiator-c370-al;lodki-gladiator;89700;;0;lodki-gladiator\c370al.jpg;370 см, 30 л.с., алюминий;Лодка Gladaitor C370AL  - это лодка длинной 370 см и алюминиевой сланью.;;;;;;;;;килевая;air;;;;;;;;;;;;;;80;;3,7*1,74;2,41*0,82;0,46;5;30;650;3+2;;;;;381;;;Ножной насос, весла, сиденья, сумка для пола, комплект пола, сумка для лодки, ремонтный набор;
"Лодки>>>Лодки Gladiator;Техника";Лодка Gladiator С400AL;GLADIATOR;gladiator-c400al;lodki-gladiator;99200;;0;lodki-gladiator\c400al.jpg;400 см, 40 л.с., алюминий;Лодка Gladaitor C400AL  - это лодка длинной 400 см и алюминиевой сланью.;;;;;;;;;килевая;air;;;;;;;;;;;;;;84;;4*1,74;2,71*0,82;0,46;6;30;750;3+2;;;;;381;;;Ножной насос, весла, сиденья, сумка для пола, комплект пола, сумка для лодки, ремонтный набор;
"Лодки>>>Лодки Gladiator;Техника";Лодка RIB Gladiator 380;GLADIATOR;gladiator-rib-380;lodki-gladiator;186400;;0;lodki-gladiator\rib380.jpg;380 см, 30 л.с., алюминий;Лодка Gladaitor RIB380  - это лодка длинной 380 см, баллоны как у ПВХ лодки, а дно полностью алюминиевая конструкция.;;;;;;;;;rib;aluminum;;;;;;;;;;;;;;82;;3,8*1,75;2,9*0,79;0,45;5;30;650;3;;;;;381;;;Ножной насос, весла, сиденья, ремонтный набор;
"Лодки>>>Лодки Gladiator;Техника";Лодка RIB Gladiator 420;GLADIATOR;gladiator-rib-420;lodki-gladiator;195300;;0;lodki-gladiator\rib420.jpg;420 см, 40 л.с., алюминий;Лодка Gladaitor RIB420  - это лодка длинной 420 см, баллоны как у ПВХ лодки, а дно полностью алюминиевая конструкция.;;;;;;;;;rib;aluminum;;;;;;;;;;;;;;93;;4,2*1,88;3,3*0,79;0,45;5;40;700;3;;;;;381;;;Ножной насос, весла, сиденья, ремонтный набор;
"Лодочные моторы>>>Лодочные моторы Gladiator;Техника";Лодочный мотор Gladiator G5FHS;GLADIATOR;gladiator-g5fhs;lodochnye-motory-gladiator;55700;;0;"lodochnye-motory-gladiator\lodochnyj-motor-gladiator-g5fhs-mir-motorov-krasnoyarsk-02.jpg; lodochnye-motory-gladiator\lodochnyj-motor-gladiator-g5fhs-mir-motorov-krasnoyarsk-01.jpg; lodochnye-motory-gladiator\lodochnyj-motor-gladiator-g5fhs-mir-motorov-krasnoyarsk-03.jpg; lodochnye-motory-gladiator\lodochnyj-motor-gladiator-g5fhs-mir-motorov-krasnoyarsk-04.jpg; lodochnye-motory-gladiator\lodochnyj-motor-gladiator-g5fhs-mir-motorov-krasnoyarsk-05.jpg; lodochnye-motory-gladiator\lodochnyj-motor-gladiator-g5fhs-mir-motorov-krasnoyarsk-06.jpg; lodochnye-motory-gladiator\lodochnyj-motor-gladiator-g5fhs-mir-motorov-krasnoyarsk-07.jpg; lodochnye-motory-gladiator\lodochnyj-motor-gladiator-g5fhs-mir-motorov-krasnoyarsk-08.jpg     ";5 л.с., 102 см3, 21 кг.;Лодочный мотор Gladiator G5FHS. Мотор для небольших лодок на румпельном управлении. Легкий, небольшой расход. Прекрасно подходит для использования на озерах, в небольших заливах и не на быстрых речках.;;;;2;5;румпель;винт;;;;2 тактный 1 цил. карбюраторный;102;;;;;;;;;;ручной;карбюратор;21;;;;;;;;;;;;;;;;Топливный бак 12л., шланг топливный с грущей и коннекторам, набор ключей.;2 года
"Лодочные моторы>>>Лодочные моторы Gladiator;Техника";Лодочный мотор Gladiator G9.8FHS;GLADIATOR;gladiator-g9-8fhs;lodochnye-motory-gladiator;77700;;0;"lodochnye-motory-gladiator\lodochnyj-motor-gladiator-g9-8fhs-mir-motorov-krasnoyarsk-01; lodochnye-motory-gladiator\lodochnyj-motor-gladiator-g9-8fhs-mir-motorov-krasnoyarsk-02; lodochnye-motory-gladiator\lodochnyj-motor-gladiator-g9-8fhs-mir-motorov-krasnoyarsk-03; lodochnye-motory-gladiator\lodochnyj-motor-gladiator-g9-8fhs-mir-motorov-krasnoyarsk-04; lodochnye-motory-gladiator\lodochnyj-motor-gladiator-g9-8fhs-mir-motorov-krasnoyarsk-05; lodochnye-motory-gladiator\lodochnyj-motor-gladiator-g9-8fhs-mir-motorov-krasnoyarsk-06; lodochnye-motory-gladiator\lodochnyj-motor-gladiator-g9-8fhs-mir-motorov-krasnoyarsk-07; lodochnye-motory-gladiator\lodochnyj-motor-gladiator-g9-8fhs-mir-motorov-krasnoyarsk-08";9.8 л.с., 169 см3, 26 кг.;Лодочный мотор Gladiator G9,8FHS. Самый легкий мотор в линейке 9-20 л.с.. Если у вас в приоритете вес мотора, и при этом что бы он проходил до регистрации - то этот мотор для вас.;;;;2;9,8;румпель;винт;;;;2 тактный 2 цил. карбюраторный;169;;;;;;;;;;ручной;карбюратор;26;;;;;;;;;;;;;;;;Топливный бак 12л., шланг топливный с грущей и коннекторам, набор ключей.;2 года
"Лодочные моторы>>>Лодочные моторы Gladiator;Техника";Лодочный мотор Gladiator G9.9FHS;GLADIATOR;gladiator-g9-9fhs;lodochnye-motory-gladiator;96600;;0;"lodochnye-motory-gladiator\lodochnyj-motor-gladiator-g9-9fhs-mir-motorov-krasnoyarsk-01; lodochnye-motory-gladiator\lodochnyj-motor-gladiator-g9-9fhs-mir-motorov-krasnoyarsk-02; lodochnye-motory-gladiator\lodochnyj-motor-gladiator-g9-9fhs-mir-motorov-krasnoyarsk-03; lodochnye-motory-gladiator\lodochnyj-motor-gladiator-g9-9fhs-mir-motorov-krasnoyarsk-04; lodochnye-motory-gladiator\lodochnyj-motor-gladiator-g9-9fhs-mir-motorov-krasnoyarsk-05; lodochnye-motory-gladiator\lodochnyj-motor-gladiator-g9-9fhs-mir-motorov-krasnoyarsk-06; lodochnye-motory-gladiator\lodochnyj-motor-gladiator-g9-9fhs-mir-motorov-krasnoyarsk-07; lodochnye-motory-gladiator\lodochnyj-motor-gladiator-g9-9fhs-mir-motorov-krasnoyarsk-08";9.9 л.с., 246 см3, 38 кг.;"Лодочный мотор Gladiator G9,9FHS. Самый популярный мотор в линейки ""до регистрации"". Мотор мощностью 15 л.с., и весом в 36 кг прекрасно подходит для лодок до 380 см в длину.";;;;2;9,9;румпель;винт;;;;2 тактный 2 цил. карбюраторный;246;;;;;;;;;;ручной;карбюратор;38;;;;;;;;;;;;;;;;Топливный бак 24л., шланг топливный с грущей и коннекторам, тахометр, набор ключей.;2 года
"Лодочные моторы>>>Лодочные моторы Gladiator;Техника";Лодочный мотор Gladiator G9.9FHS водомет;GLADIATOR;gladiator-g9-9fhs-jet;lodochnye-motory-gladiator;154700;;0;"lodochnye-motory-gladiator\lodochnyj-motor-s-vodometnoj-nasadkoj-gladiator-g9-9fhs-vodomet-mir-motorov-krasnoyarsk-01; lodochnye-motory-gladiator\lodochnyj-motor-s-vodometnoj-nasadkoj-gladiator-g9-9fhs-vodomet-mir-motorov-krasnoyarsk-02; lodochnye-motory-gladiator\lodochnyj-motor-s-vodometnoj-nasadkoj-gladiator-g9-9fhs-vodomet-mir-motorov-krasnoyarsk-03; lodochnye-motory-gladiator\lodochnyj-motor-s-vodometnoj-nasadkoj-gladiator-g9-9fhs-vodomet-mir-motorov-krasnoyarsk-04; lodochnye-motory-gladiator\lodochnyj-motor-s-vodometnoj-nasadkoj-gladiator-g9-9fhs-vodomet-mir-motorov-krasnoyarsk-05";9.9 л.с., 246 см3, 42 кг.;Лодочный мотор Gladiator G9,9FHS JET, 9,9 л.с на водометной насадки. Подходит для узких лодок до 380 см и на 1 пассажира. ;;;;2;9,9;румпель;джет;;;;2 тактный 2 цил. карбюраторный;246;;;;;;;;;;ручной;карбюратор;42;;;;;;;;;;;;;;;;Топливный бак 24л., шланг топливный с грущей и коннекторам, тахометр, набор ключей.;2 года
"Лодочные моторы>>>Лодочные моторы Gladiator;Техника";Лодочный мотор Gladiator G9.9PRO FHS;GLADIATOR;gladiator-g9-9pro-fhs;lodochnye-motory-gladiator;109200;;0;"lodochnye-motory-gladiator\lodochnyj-motor-gladiator-g9-9pro-mir-motorov-krasnoyarsk-01; lodochnye-motory-gladiator\lodochnyj-motor-gladiator-g9-9pro-mir-motorov-krasnoyarsk-02; lodochnye-motory-gladiator\lodochnyj-motor-gladiator-g9-9pro-mir-motorov-krasnoyarsk-03; lodochnye-motory-gladiator\lodochnyj-motor-gladiator-g9-9pro-mir-motorov-krasnoyarsk-04; lodochnye-motory-gladiator\lodochnyj-motor-gladiator-g9-9pro-mir-motorov-krasnoyarsk-05; lodochnye-motory-gladiator\lodochnyj-motor-gladiator-g9-9pro-mir-motorov-krasnoyarsk-06; lodochnye-motory-gladiator\lodochnyj-motor-gladiator-g9-9pro-mir-motorov-krasnoyarsk-07; lodochnye-motory-gladiator\lodochnyj-motor-gladiator-g9-9pro-mir-motorov-krasnoyarsk-08";9.9 л.с., 324см3, 41 кг.;"Лодочный мотор Gladiator G9,9FHS PRO, самый мощный мотор в линейке ""до регистрации"". 20 л.с. , 42 кг веса.";;;;2;9,9;румпель;винт;;;;2 тактный 2 цил. карбюраторный;324;;;;;;;;;;ручной;карбюратор;41;;;;;;;;;;;;;;;;Топливный бак 24л., шланг топливный с грущей и коннекторам, тахометр, набор ключей.;2 года
"Лодочные моторы>>>Лодочные моторы Gladiator;Техника";Лодочный мотор Gladiator G30FES;GLADIATOR;gladiator-g30fes;lodochnye-motory-gladiator;203700;;0;"lodochnye-motory-gladiator\lodochnyj-motor-gladiator-g30fes-mir-motorov-krasnoyarsk-01; lodochnye-motory-gladiator\lodochnyj-motor-gladiator-g30fes-mir-motorov-krasnoyarsk-02; lodochnye-motory-gladiator\lodochnyj-motor-gladiator-g30fes-mir-motorov-krasnoyarsk-03; lodochnye-motory-gladiator\lodochnyj-motor-gladiator-g30fes-mir-motorov-krasnoyarsk-04; lodochnye-motory-gladiator\lodochnyj-motor-gladiator-g30fes-mir-motorov-krasnoyarsk-05; lodochnye-motory-gladiator\lodochnyj-motor-gladiator-g30fes-mir-motorov-krasnoyarsk-06; lodochnye-motory-gladiator\lodochnyj-motor-gladiator-g30fes-mir-motorov-krasnoyarsk-07; lodochnye-motory-gladiator\lodochnyj-motor-gladiator-g30fes-mir-motorov-krasnoyarsk-08";30 л.с., 496 см3, 56 кг.;Лодочный мотор Gladaitor G30FHS. Румпельный 30 силный лодочный мотор, прекрасно подхоидт для лодок 380-420 см длиной.;;;;2;30;дистанция;винт;;;;2 тактный 2 цил. карбюраторный;496;;;;;;;;;;электро/ручной;карбюратор;56;;;;;;;;;;;;;;;;Топливный бак 24л., шланг топливный с грущей и коннекторам, тахометр, машинка газ реверс, троса газ реверс, рулевой редуктор, рулевое колесо, трос рулевой, комплект для установки дистанционного управления, набор ключей.;2 года
"Лодочные моторы>>>Лодочные моторы Gladiator;Техника";Лодочный мотор Gladiator G30FHS;GLADIATOR;gladiator-g30fhs;lodochnye-motory-gladiator;161700;;0;"lodochnye-motory-gladiator\lodochnyj-motor-gladiator-g30fhs-mir-motorov-krasnoyarsk-01; lodochnye-motory-gladiator\lodochnyj-motor-gladiator-g30fhs-mir-motorov-krasnoyarsk-02; lodochnye-motory-gladiator\lodochnyj-motor-gladiator-g30fhs-mir-motorov-krasnoyarsk-03; lodochnye-motory-gladiator\lodochnyj-motor-gladiator-g30fhs-mir-motorov-krasnoyarsk-04; lodochnye-motory-gladiator\lodochnyj-motor-gladiator-g30fhs-mir-motorov-krasnoyarsk-05; lodochnye-motory-gladiator\lodochnyj-motor-gladiator-g30fhs-mir-motorov-krasnoyarsk-06; lodochnye-motory-gladiator\lodochnyj-motor-gladiator-g30fhs-mir-motorov-krasnoyarsk-07; lodochnye-motory-gladiator\lodochnyj-motor-gladiator-g30fhs-mir-motorov-krasnoyarsk-08";30 л.с., 496 см3, 53 кг.;Лодочный мотор Gladiator G30FES. Мотор под дистанцию. Выгодно отличается от других брендов наличие полной дистанционной комплектации - машинка газ-реверс, рулевой редуктор, руелвое колесо, трос ду 15фт, трос рулевой.;;;;2;30;румпель;винт;;;;2 тактный 2 цил. карбюраторный;496;;;;;;;;;;ручной;карбюратор;53;;;;;;;;;;;;;;;;Топливный бак 24л., шланг топливный с грущей и коннекторам, тахометр, набор ключей.;2 года
"Лодочные моторы>>>Лодочные моторы Gladiator;Техника";Лодочный мотор Gladiator G30FHS Водомет;GLADIATOR;gladiator-g30fhs-jet;lodochnye-motory-gladiator;225000;;0;"lodochnye-motory-gladiator\lodochnyj-motor-s-vodometnoj-nasadkoj-gladiator-g30fhs-vodomet-mir-motorov-krasnoyarsk-01; lodochnye-motory-gladiator\lodochnyj-motor-s-vodometnoj-nasadkoj-gladiator-g30fhs-vodomet-mir-motorov-krasnoyarsk-02; lodochnye-motory-gladiator\lodochnyj-motor-s-vodometnoj-nasadkoj-gladiator-g30fhs-vodomet-mir-motorov-krasnoyarsk-03; lodochnye-motory-gladiator\lodochnyj-motor-s-vodometnoj-nasadkoj-gladiator-g30fhs-vodomet-mir-motorov-krasnoyarsk-04 ";30 л.с., 496 см3, 62 кг.;Лодочный мотор Gladiator G30FHS JET. Румпельный мотор с водометной насадкой, самый поплярный мотор для водометной насадки, подходит для рыбалки и не сложных путушествий.;;;;2;30;румпель;джет;;;;2 тактный 2 цил. карбюраторный;496;;;;;;;;;;ручной;карбюратор;62;;;;;;;;;;;;;;;;Топливный бак 24л., шланг топливный с грущей и коннекторам, тахометр, набор ключей.;2 года
"Лодочные моторы>>>Лодочные моторы Gladiator;Техника";Лодочный мотор Gladiator G40FES;GLADIATOR;gladiator-g40fes;lodochnye-motory-gladiator;231000;;0;"lodochnye-motory-gladiator\lodochnyj-motor-gladiator-g40fes-mir-motorov-krasnoyarsk-01; lodochnye-motory-gladiator\lodochnyj-motor-gladiator-g40fes-mir-motorov-krasnoyarsk-02; lodochnye-motory-gladiator\lodochnyj-motor-gladiator-g40fes-mir-motorov-krasnoyarsk-03; lodochnye-motory-gladiator\lodochnyj-motor-gladiator-g40fes-mir-motorov-krasnoyarsk-04; lodochnye-motory-gladiator\lodochnyj-motor-gladiator-g40fes-mir-motorov-krasnoyarsk-05; lodochnye-motory-gladiator\lodochnyj-motor-gladiator-g40fes-mir-motorov-krasnoyarsk-06; lodochnye-motory-gladiator\lodochnyj-motor-gladiator-g40fes-mir-motorov-krasnoyarsk-07; lodochnye-motory-gladiator\lodochnyj-motor-gladiator-g40fes-mir-motorov-krasnoyarsk-08";40 л.с., 703 см3, 78 кг.;Лодочный мотор Gladaitor G40FHS  — это двухтактный подвесной лодочный мотор мощностью 40 лошадиных сил. Обладает рабочим объемом 703 см³ и предназначена для установки на средние и крупные надувные лодки ПВХ или корпусные катера со стандартной высотой транца S (381 мм);;;;2;40;дистанция;винт;;;;2 тактный 2 цил. карбюраторный;703;;;;;;;;;;электро/ручной;карбюратор;78;;;;;;;;;;;;;;;;Топливный бак 24л., шланг топливный с грущей и коннекторам, тахометр, машинка газ реверс, троса газ реверс, рулевой редуктор, рулевое колесо, трос рулевой, комплект для установки дистанционного управления, набор ключей.;2 года
"Лодочные моторы>>>Лодочные моторы Gladiator;Техника";Лодочный мотор Gladiator G40FHS;GLADIATOR;gladiator-g40fhs;lodochnye-motory-gladiator;204800;;0;"lodochnye-motory-gladiator\lodochnyj-motor-gladiator-g40fhs-mir-motorov-krasnoyarsk-01; lodochnye-motory-gladiator\lodochnyj-motor-gladiator-g40fhs-mir-motorov-krasnoyarsk-02; lodochnye-motory-gladiator\lodochnyj-motor-gladiator-g40fhs-mir-motorov-krasnoyarsk-03; lodochnye-motory-gladiator\lodochnyj-motor-gladiator-g40fhs-mir-motorov-krasnoyarsk-04; lodochnye-motory-gladiator\lodochnyj-motor-gladiator-g40fhs-mir-motorov-krasnoyarsk-05; lodochnye-motory-gladiator\lodochnyj-motor-gladiator-g40fhs-mir-motorov-krasnoyarsk-06; lodochnye-motory-gladiator\lodochnyj-motor-gladiator-g40fhs-mir-motorov-krasnoyarsk-07";40 л.с., 703 см3, 78 кг.;Лодончый мотор Gladiator G40FES — это двухтактный двухцилиндровый подвесной лодочный мотор мощностью 40 л.с., главным отличием которого является заводская комплектация электростартером и дистанционным управлением (аббревиатура FES: F — дистанционное управление, E — электрозапуск, S — короткий транец 381 мм). Модель оптимальна для установки на катера с консолью управления и крупные ПВХ-лодки длиной от 4–4,5 метров со стационарным постом. Мощности хватает для быстрой доставки 5–8 человек или тяжелого груза в режим глиссирования. отличительная черта полная дистанционная комплектация - машинка газ-реверс, рулевой редуктор, руелвое колесо, трос ду 15фт, трос рулевой.;;;;2;40;румпель;винт;;;;2 тактный 2 цил. карбюраторный;703;;;;;;;;;;ручной;карбюратор;78;;;;;;;;;;;;;;;;Топливный бак 24л., шланг топливный с грущей и коннекторам, тахометр, набор ключей.;2 года
"Лодочные моторы>>>Лодочные моторы Gladiator;Техника";Лодочный мотор Gladiator G40FHS водомет;GLADIATOR;gladiator-g40fhs-jet;lodochnye-motory-gladiator;268000;;0;"lodochnye-motory-gladiator\lodochnyj-motor-s-vodometnoj-nasadkoj-gladiator-g40fhs-vodomet-mir-motorov-krasnoyarsk-01; lodochnye-motory-gladiator\lodochnyj-motor-s-vodometnoj-nasadkoj-gladiator-g40fhs-vodomet-mir-motorov-krasnoyarsk-02; lodochnye-motory-gladiator\lodochnyj-motor-s-vodometnoj-nasadkoj-gladiator-g40fhs-vodomet-mir-motorov-krasnoyarsk-03; lodochnye-motory-gladiator\lodochnyj-motor-s-vodometnoj-nasadkoj-gladiator-g40fhs-vodomet-mir-motorov-krasnoyarsk-04";40 л.с., 703 см3, 82 кг.;Лодочный мотор Gladiator G40FHS JET -  это двухтактный подвесной водометный лодочный мотор мощностью 40 л.с., построенный на базе классического румпельного двигателя G40FHS, но вместо редуктора с гребным винтом на него заводским или дилерским способом установлена водометная насадка.;;;;2;40;румпель;джет;;;;2 тактный 2 цил. карбюраторный;703;;;;;;;;;;ручной;карбюратор;82;;;;;;;;;;;;;;;;Топливный бак 24л., шланг топливный с грущей и коннекторам, тахометр, набор ключей.;2 года
"Лодочные моторы>>>Лодочные моторы PARSUN;Техника";Лодочный мотор PARSUN T2.6CBMS;PARSUN;parsun-t2-6cbms;lodochnye-motory-parsun;25500;;0;"lodochnye-motory-parsun\lodochnye-motory-parsun-t2-6cbms-1.jpg; lodochnye-motory-parsun\lodochnye-motory-parsun-t2-6cbms-2.jpg ";2.6 л.с.,50 куб.см., 9.8 кг.;Лодочный мотор PARSUN T2,6CBMS - сверхлегкий двухтактный одноцилиндровый подвесной лодочный мотор мощностью 2,6 л.с.. Он разработан для небольших надувных лодок ПВХ, каноэ и мини-катеров со стандартной высотой транца S (381 мм). ;;;;2;2,6;румпель;винт;;;;2 тактный 1 цил. карбюраторный;50;;;;;;;;;;ручной;карбюратор;9,8;;;;;;;;;;;;;;;;Набор ключей.;2 года
"Лодочные моторы>>>Лодочные моторы PARSUN;Техника";Лодочный мотор PARSUN TC3.6BMS;PARSUN;parsun-tc3-6bms;lodochnye-motory-parsun;39900;;0;"lodochnye-motory-parsun\lodochnye-motory-parsun-tc3-6bms-1.jpg; lodochnye-motory-parsun\lodochnye-motory-parsun-tc3-6bms-2.jpg";3,6 л.с., 74.6 куб.см., 13.5 кг.;"Лодочный мотор Parsun TC3.6BMS – идеальная альтернатива гребным веслам и эффективное решение в качестве докаточного мотора для катеров до 4,5 метров. Его компактные размеры и надежная мощность позволяют вам наслаждаться плаванием без лишних усилий. Он станет надёжным спутником в каждом вашем водном приключении, обеспечивая лёгкость управления и беззаботное путешествие по воде.
";;;;2;3,6;румпель;винт;;;;2 тактный 1 цил. карбюраторный;74,6;;;;;;;;;;ручной;карбюратор;13,5;;;;;;;;;;;;;;;;Набор ключей.;2 года
"Лодочные моторы>>>Лодочные моторы PARSUN;Техника";Лодочный мотор PARSUN T4NBMS;PARSUN;parsun-t4nbms;lodochnye-motory-parsun;48000;;0;lodochnye-motory-parsun\lodochnye-motory-parsun-t4nbms-1.jpg;4 л.с.,74.6 куб.см., 14,5 кг.;Лодочный мотор Parsun T4NBMS – это идеальный выбор для вашей лодки, который превратит ваши прогулки по воде в настоящее удовольствие. Он сочетает в себе компактность, мощность и надежность, делая его отличным докаточным мотором для катеров до 5 метров. Невероятно эффективный и легкий в управлении, этот мотор станет незаменимым спутником в каждом вашем морском приключении.;;;;2;4;румпель;винт;;;;2 тактный 1 цил. карбюраторный;74,6;;;;;;;;;;ручной;карбюратор;14,5;;;;;;;;;;;;;;;;Набор ключей.;2 года
"Лодочные моторы>>>Лодочные моторы PARSUN;Техника";Лодочный мотор PARSUN T5BMS;PARSUN;parsun-5bms;lodochnye-motory-parsun;59900;;0;"lodochnye-motory-parsun\lodochnye-motory-parsun-t5bms-1.jpg; lodochnye-motory-parsun\lodochnye-motory-parsun-t5bms-2.jpg; lodochnye-motory-parsun\lodochnye-motory-parsun-t5bms-3.jpg";5л.с., 102 куб.см., 20 кг.;"Лодочный мотор Parsun T5BMS – это источник бесконечных возможностей на воде. Сочетание компактности и мощи делает его идеальным выбором в качестве докаточного мотора для катеров до 5 метров. Надежный, эффективный и легкий в управлении, этот мотор подарит вам свободу путешествий по воде без лишних забот. Откройте для себя новые горизонты водных приключений с Parsun T5BMS.
";;;;2;5;румпель;винт;;;;2 тактный 1 цил. карбюраторный;102;;;;;;;;;;ручной;карбюратор;20;;;;;;;;;;;;;;;;Топливный бак 12л., шланг топливный с грущей и коннекторам, набор ключей.;2 года
"Лодочные моторы>>>Лодочные моторы PARSUN;Техника";Лодочный мотор PARSUN T9,8BMS;PARSUN;parsun-t9-8bms;lodochnye-motory-parsun;99000;;0;"lodochnye-motory-parsun\lodochnye-motory-parsun-t9-8bms-1.jpg; lodochnye-motory-parsun\lodochnye-motory-parsun-t9-8bms-2.jpg;  lodochnye-motory-parsun\lodochnye-motory-parsun-t9-8bms-3.jpg  ";9,8л.с., 169 куб.см., 26 кг.;Легкий, мощный и без лишних формальностей — лодочный мотор Parsun T9.8BMS призван сделать ваше время на воде максимально комфортным и удобным. Его компактный дизайн и простота управления позволяют наслаждаться плаванием без необходимости получения специальных прав для управления водным транспортом. Парус в мир водных приключений с Parsun T9.8BMS и наслаждайтесь свободой без лишних ограничений.;;;;2;9,8;румпель;винт;;;;2 тактный 2 цил. карбюраторный;169;;;;;;;;;;ручной;карбюратор;26;;;;;;;;;;;;;;;;Топливный бак 12л., шланг топливный с грущей и коннекторам, набор ключей.;2 года
"Лодочные моторы>>>Лодочные моторы PARSUN;Техника";Лодочный мотор PARSUN T9.9BMS;PARSUN;parsun-t9-9bms;lodochnye-motory-parsun;112900;;0;lodochnye-motory-parsun\lodochnye-motory-parsun-t9-9bms.jpg;9.9 л.с.,246 куб.см., 36 кг.;Погрузитесь в мир приключений с лодочным мотором Parsun T9.9BMS. Этот мотор не просто передвигает вас по воде – он вдохновляет на исследования, подарит надёжность в каждом манёвре и уверенность в каждом плавании, делая вашу водную прогулку неповторимой. Его легкий вес и простота управления делают его идеальным выбором для маломерных судов, не требующих специальных прав или лицензий для управления. ;;;;2;9,9;румпель;винт;;;;2 тактный 2 цил. карбюраторный;246;;;;;;;;;;ручной;карбюратор;36;;;;;;;;;;;;;;;;Топливный бак 24л., шланг топливный с грущей и коннекторам, набор ключей.;2 года
"Лодочные моторы>>>Лодочные моторы PARSUN;Техника";Лодочный мотор PARSUN T9.9BMS ENDURO;PARSUN;parsun-t9-9bms-enduro;lodochnye-motory-parsun;118900;;0;lodochnye-motory-parsun\lodochnye-motory-parsun-t18bms.jpg;18л.с., 294 куб.см., 38 кг.;Лодочный мотор Parsun T9.9BMS ENDURO - это компактный и эффективный мотор мощностью до 18 лошадиных сил. Его легкий вес и достаточная мощность делают его идеальным выбором для различных типов лодок. Обеспечивая отличную маневренность и надежность, этот мотор станет незаменимым компаньоном для приятных прогулок по воде без лишних сложностей в управлении.;;;;2;18;румпель;винт;;;;2 тактный 2 цил. карбюраторный;294;;;;;;;;;;ручной;карбюратор;38;;;;;;;;;;;;;;;;Топливный бак 24л., шланг топливный с грущей и коннекторам, набор ключей.;2 года
"Лодочные моторы>>>Лодочные моторы PARSUN;Техника";Лодочный мотор PARSUN T30ABMS;PARSUN;parsun-t30abms;lodochnye-motory-parsun;194500;;0;lodochnye-motory-parsun\lodochnye-motory-parsun-t30abms.jpg;30 л.с.,496 куб.см., 52 кг.;Лодочный мотор Parsun T30ABMS с румпельным управлением представляет собой воплощение надежности и мощи. С его внушительной мощностью в 30 лошадиных сил он готов придать вашей лодке эффективность и маневренность. Румпельное управление обеспечивает простоту управления, позволяя вам легко маневрировать даже в ограниченных пространствах или на узких водоёмах.;;;;2;30;румпель;винт;;;;2 тактный 2 цил. карбюраторный;496;;;;;;;;;;ручной;карбюратор;52;;;;;;;;;;;;;;;;Топливный бак 24л., шланг топливный с грущей и коннекторам, набор ключей.;2 года
"Лодочные моторы>>>Лодочные моторы PARSUN;Техника";Лодочный мотор PARSUN T30AFWS;PARSUN;parsun-t30afws;lodochnye-motory-parsun;234300;;0;lodochnye-motory-parsun\lodochnye-motory-parsun-t30afws.jpg;30 л.с.,496 куб.см., 56 кг.;Лодочный мотор Parsun T30AFWS, оборудованный поддержкой дистанционного управления, представляет собой силу и универсальность на воде. Его высокая мощность в 30 лошадиных сил гарантирует эффективное передвижение лодки, а возможность дистанционного управления делает управление максимально удобным и безопасным. Этот мотор создан для исследования водных просторов с минимумом усилий и максимумом удовольствия.;;;;2;30;дистанция;винт;;;;2 тактный 2 цил. карбюраторный;496;;;;;;;;;;электро/ручной;карбюратор;56;;;;;;;;;;;;;;;;Топливный бак 24л., шланг топливный с грущей и коннекторам, машинка газ реверс, троса газ реверс, комплект для установки дистанционного управления, набор ключей.;2 года
"Лодочные моторы>>>Лодочные моторы PARSUN;Техника";Лодочный мотор PARSUN T40BMS;PARSUN;parsun-t40bms;lodochnye-motory-parsun;234900;;0;"lodochnye-motory-parsun\lodochnye-motory-parsun-t40bms-1.jpg; lodochnye-motory-parsun\lodochnye-motory-parsun-t40bms-2.jpg; lodochnye-motory-parsun\lodochnye-motory-parsun-t40bms-3.jpg";40 л.с.,703 куб.см., 74 кг.;Лодочный мотор Parsun T40BMS с мощностью 40 лошадиных сил - это источник надежной мощности для вашей лодки. Управление через румпель и наличие ручного стартера делают его простым в использовании и надежным в работе. Он обеспечивает высокую производительность и отличную маневренность, что делает его идеальным выбором для широкого спектра водных приключений. С Parsun T40BMS вы получаете надежность и мощь в каждом плавании.;;;;2;40;румпель;винт;;;;2 тактный 2 цил. карбюраторный;703;;;;;;;;;;ручной;карбюратор;74;;;;;;;;;;;;;;;;Топливный бак 24л., шланг топливный с грущей и коннекторам, набор ключей.;2 года
"Лодочные моторы>>>Лодочные моторы PARSUN;Техника";Лодочный мотор PARSUN T40FWS;PARSUN;parsun-t40fws;lodochnye-motory-parsun;266500;;0;lodochnye-motory-parsun\lodochnye-motory-parsun-t40fws.jpg;40 л.с.,703 куб.см., 77 кг.;Лодочный мотор Parsun T40FWS – это мощный двигатель, предназначенный для тех, кто ценит производительность и удобство. С его внушительной мощностью 40 лошадиных сил и возможностью запуска как ручным, так и электрическим стартером, он обеспечивает надежную работу и легкий пуск мотора. Дистанционное управление добавляет удобства, позволяя управлять лодкой с консолью. С Parsun T40FWS ваши водные приключения становятся удобными и беззаботными.;;;;2;40;дистанция;винт;;;;2 тактный 2 цил. карбюраторный;703;;;;;;;;;;электро/ручной;карбюратор;77;;;;;;;;;;;;;;;;Топливный бак 24л., шланг топливный с грущей и коннекторам, машинка газ реверс, троса газ реверс, комплект для установки дистанционного управления, набор ключей.;2 года
"Лодочные моторы>>>Лодочные моторы PARSUN;Техника";Лодочный мотор PARSUN T40FWS-T;PARSUN;parsun-t40fws-t;lodochnye-motory-parsun;355000;;0;lodochnye-motory-parsun\lodochnye-motory-parsun-t40fws.jpg;40 л.с.,703 куб.см., 77 кг.;Лодочный мотор Parsun T40FWS-T – это мощный двигатель, предназначенный для тех, кто ценит производительность и удобство. С его внушительной мощностью 40 лошадиных сил и возможностью запуска как ручным, так и электрическим стартером, он обеспечивает надежную работу и легкий пуск мотора. Дистанционное управление добавляет удобства, позволяя управлять лодкой с консолью. С Parsun T40FWS-T ваши водные приключения становятся удобными и беззаботными. Из дополнительных удобств нужно отметить электрический мотор гидроподъема.;;;;2;40;дистанция;винт;;;;2 тактный 2 цил. карбюраторный;703;;;;;;;;;;электро/ручной;карбюратор;77;;;;;;;;;;;;;;;;Топливный бак 24л., шланг топливный с грущей и коннекторам, машинка газ реверс, троса газ реверс, комплект для установки дистанционного управления, набор ключей.;2 года
"Лодочные моторы>>>Лодочные моторы PARSUN;Техника";Лодочный мотор PARSUN T50AFWL-T;PARSUN;parsun-t50afwl-t;lodochnye-motory-parsun;435000;;0;lodochnye-motory-parsun\lodochnye-motory-parsun-t50afwl-t.jpg;50 л.с., 849 куб.см., 107 кг.;Лодочный мотор Parsun T50AFWL-T – это эффективный и мощный мотор мощностью 50 лошадиных сил, предназначенный для комфортных водных приключений. Оборудованный дистанционным управлением и электрогидроподъемом, он обеспечивает легкость и удобство в управлении лодкой. С трёхцилиндровым двигателем он обеспечивает плавное и равномерное движение по воде, обеспечивая оптимальную производительность. Parsun T50AFWL-T – это сочетание мощности, комфорта и инновационных возможностей для вашего водного опыта.;;;;2;50;дистанция;винт;;;;2 тактный 3 цил. карбюраторный;849;;;;;;;;;;электро;карбюратор;107;;;;;;;;;;;;;;;;Топливный бак 24л., шланг топливный с грущей и коннекторам, машинка газ реверс, троса газ реверс, комплект для установки дистанционного управления, тахометр, набор ключей.;2 года
"Лодочные моторы>>>Лодочные моторы PARSUN;Техника";Лодочный мотор PARSUN T60ABML-D;PARSUN;parsun-t60abml-d;lodochnye-motory-parsun;396000;;0;"lodochnye-motory-parsun\lodochnye-motory-parsun-t60abml-d-1.jpg; lodochnye-motory-parsun\lodochnye-motory-parsun-t60abml-d-2.jpg; lodochnye-motory-parsun\lodochnye-motory-parsun-t60abml-d-3.jpg";60 л.с., 849 куб.см., 103 кг.;Лодочный мотор Parsun T60ABML-T – это мощное решение для тех, кто ищет экстремальные водные приключения. С его впечатляющей мощностью 60 лошадиных сил, румпельным управлением и гидроподъёмником он идеально подходит для любителей активного отдыха на воде. Трёхцилиндровый двигатель обеспечивает плавное и мощное движение, позволяя испытать адреналиновый подъём в водных приключениях. Parsun T60ABML-T создан для тех, кто ищет максимальные эмоции и мощность на воде.;;;;2;60;румпель;винт;;;;2 тактный 3 цил. карбюраторный;849;;;;;;;;;;электро;карбюратор;103;;;;;;;;;;;;;;;;Топливный бак 24л., шланг топливный с грущей и коннекторам, машинка газ реверс, троса газ реверс, комплект для установки дистанционного управления, тахометр, набор ключей.;2 года
"Лодочные моторы>>>Лодочные моторы PARSUN;Техника";Лодочный мотор PARSUN T60AFWL-T;PARSUN;parsun-t60afwl-t;lodochnye-motory-parsun;435000;;0;lodochnye-motory-parsun\lodochnye-motory-parsun-t60afwl-t.jpg;60 л.с., 849 куб.см., 107 кг.;Лодочный мотор Parsun T60AFWL-T – это эффективный и мощный мотор мощностью 60 лошадиных сил, предназначенный для комфортных водных приключений. Оборудованный дистанционным управлением и электрогидроподъемом, он обеспечивает легкость и удобство в управлении лодкой. С трёхцилиндровым двигателем он обеспечивает плавное и равномерное движение по воде, обеспечивая оптимальную производительность. Parsun T60AFWL-T – это сочетание мощности, комфорта и инновационных возможностей для вашего водного опыта.;;;;2;60;дистанция;винт;;;;2 тактный 3 цил. карбюраторный;849;;;;;;;;;;электро;карбюратор;107;;;;;;;;;;;;;;;;Топливный бак 24л., шланг топливный с грущей и коннекторам, машинка газ реверс, троса газ реверс, комплект для установки дистанционного управления, тахометр, набор ключей.;2 года
"Лодочные моторы>>>Лодочные моторы PARSUN;Техника";Лодочный мотор PARSUN T90BML-D;PARSUN;parsun-t90bml-d;lodochnye-motory-parsun;436000;;0;lodochnye-motory-parsun\lodochnye-motory-parsun-t90bml-d.jpg;90 л.с., 849 куб.см., 103 кг.;Лодочный мотор Parsun T90BML-D представляет собой эпицентр мощи и адреналина на воде для истинных экстремалов. Этот румпельный мотор с мощностью 90 лошадиных сил и трёхцилиндровым двигателем обеспечивает невероятную производительность и управляемость. Parsun T90BML-D создан для тех, кто ищет максимальную мощь и адреналин в своих водных приключениях.;;;;2;90;румпель;винт;;;;2 тактный 3 цил. карбюраторный;849;;;;;;;;;;электро;карбюратор;103;;;;;;;;;;;;;;;;Топливный бак 24л., шланг топливный с грущей и коннекторам, машинка газ реверс, троса газ реверс, комплект для установки дистанционного управления, тахометр, набор ключей.;2 года
"Лодочные моторы>>>Лодочные моторы PARSUN;Техника";Лодочный мотор PARSUN T90FEL-T;PARSUN;parsun-t90fel-t;lodochnye-motory-parsun;474000;;0;"lodochnye-motory-parsun\lodochnye-motory-parsun-t90fel-t-1.jpg; lodochnye-motory-parsun\lodochnye-motory-parsun-t90fel-t-2.jpg; lodochnye-motory-parsun\lodochnye-motory-parsun-t90fel-t-3.jpg";90 л.с., 1141 куб.см., 119 кг.;"Лодочный мотор Parsun T90FEL-T представляет собой эпицентр мощи и адреналина на воде для истинных экстремалов. Этот мотор c дистанционным управлением, мощностью 90 лошадиных сил и трёхцилиндровым двигателем обеспечивает невероятную производительность и управляемость. Parsun T90FEL-T создан для тех, кто ищет максимальную мощь и адреналин в своих водных приключениях.
Технические характеристики

Тип двигателя2-тактныйМощность, л.с90Количество цилиндров3Рабочий объем, куб.см1141Система зажиганияCDIРулевая системадистанцияСистема запускаэлектро/ручнаяМаксимальные обороты, об/мин4500-5500Обороты на холостом ходу, об/мин750-850Емкость топливного бака, л24Максимальный расход топлива, л/час37Объем трансмиссионного масла, куб.см610Размер винта3 - 13 1/4'' - 17'Высота транца, мм508ПередачиF-N-RОбщая длина, мм726Общая ширина, мм374Общая высота, мм1422Вес, кг119Комплектациямотор, переносной бак 24л, дистанция, паспорт двигателя, руков-во по эксплуатации, ЗИП";;;;2;90;дистанция;винт;;;;2 тактный 3 цил. карбюраторный;1141;;;;;;;;;;электро;карбюратор;119;;;;;;;;;;;;;;;;Топливный бак 24л., шланг топливный с грущей и коннекторам, машинка газ реверс, троса газ реверс, комплект для установки дистанционного управления, тахометр, набор ключей.;2 года
"Лодочные моторы>>>Лодочные моторы PARSUN;Техника";Лодочный мотор PARSUN F20ABWS-EFI;PARSUN;parsun-f20abws-efi;lodochnye-motory-parsun;245000;;0;lodochnye-motory-parsun\lodochnye-motory-parsun-f20abws-efi.jpg;20 л.с., 362 куб.см., 52 кг.;Лодочный мотор Parsun F20ABWS-EFI - это передовое решение для истинных ценителей экономичной и мощной работы на воде. С его инжекторной системой и четырехтактным двигателем мощностью 20 лошадиных сил он обеспечивает не только мощный тяговый контроль, но и экономичное потребление топлива. Румпельное управление делает его идеальным для использования в различных условиях на воде. Parsun F20ABWS-EFI - это современное сочетание мощности и экономичности для ваших водных приключений.;;;;4;20;румпель;винт;;;;4 тактный 2 цил. Инжектор;362;;;;;;;;;;ручной;инжектор;52;;;;;;;;;;;;;;;;Топливный бак 24л., шланг топливный с грущей и коннекторам, набор ключей.;2 года
"Лодочные моторы>>>Лодочные моторы PARSUN;Техника";Лодочный мотор PARSUN F20AFWS-EFI;PARSUN;parsun-f20afws-efi;lodochnye-motory-parsun;259000;;0;lodochnye-motory-parsun\lodochnye-motory-parsun-f20afws-efi.jpg;20 л.с., 362 куб.см., 52 кг.;Лодочный мотор Parsun F20AFWS-EFI представляет собой передовое решение для эффективной работы на воде. Этот четырехтактный двигатель мощностью 20 лошадиных сил с инжекторной системой обеспечивает не только высокую мощность, но и экономичное потребление топлива. Оборудованный дистанционным управлением, он предоставляет возможность контролировать лодку с консоли, обеспечивая удобство и комфорт при плавании. Parsun F20AFWS-EFI - это современный и надежный мотор для эффективного и экономичного использования на воде.;;;;4;20;дистанция;винт;;;;4 тактный 2 цил. Инжектор;362;;;;;;;;;;электро;инжектор;52;;;;;;;;;;;;;;;;Топливный бак 24л., шланг топливный с грущей и коннекторам, машинка газ реверс, троса газ реверс, комплект для установки дистанционного управления, набор ключей.;2 года
"Лодочные моторы>>>Лодочные моторы PARSUN;Техника";Лодочный мотор PARSUN F40FEL-T EFI;PARSUN;parsun-f40fel-t-efi;lodochnye-motory-parsun;455000;;0;lodochnye-motory-parsun\lodochnye-motory-parsun-f40fes-t-efi.jpg;40 л.с., 747 куб.см., 99 кг.;"Лодочный мотор Parsun F40FES-T EFI – это идеальный выбор для тех, кто ценит эффективность и мощность. С инжекторной системой и четырехтактным двигателем мощностью 40 лошадиных сил он обеспечивает не только высокую производительность, но и экономичное использование топлива. Оборудованный дистанционным управлением, этот мотор предоставляет возможность управлять лодку с консоли, что придает удобство и уверенность в управлении. Электрический гидроподъемник делает настройку угла наклона двигателя простой и удобной. Parsun F40FES-T EFI – это надежный и мощный мотор для эффективного использования на воде.
Технические характеристики

Тип двигателя4-тактныйМощность, л.с40Количество цилиндров3Рабочий объем, куб.см747Система зажиганияCDIРулевая системадистанционнаяСистема запускаэлектро/ручнаяМаксимальные обороты, об/мин5000-6000Обороты на холостом ходу, об/мин750-850Емкость топливного бака, л24Максимальный расход топлива, л/час13,8Объем трансмиссионного масла, куб.см430Размер винта3 - 11 1/8'' - 12'Высота транца, мм381ПередачиF-N-RОбщая длина, мм768Общая ширина, мм410Общая высота, мм1234Вес, кг99Комплектациямотор, переносной бак 24л, дистанция, паспорт двигателя, руков-во по эксплуатации, ЗИП";;;;4;40;дистанция;винт;;;;4 тактный 3 цил. Инжектор;747;;;;;;;;;;электро;инжектор;99;;;;;;;;;;;;;;;;Топливный бак 24л., шланг топливный с грущей и коннекторам, машинка газ реверс, троса газ реверс, комплект для установки дистанционного управления, тахометр, набор ключей.;2 года
"Лодочные моторы>>>Лодочные моторы PARSUN;Техника";Лодочный мотор PARSUN F40FES-T EFI;PARSUN;parsun-f40fes-t-efi;lodochnye-motory-parsun;460000;;0;lodochnye-motory-parsun\lodochnye-motory-parsun-f40fes-t-efi.jpg;40 л.с., 747 куб.см., 99 кг.;Лодочный мотор Parsun F40FES-T EFI – это идеальный выбор для тех, кто ценит эффективность и мощность. С инжекторной системой и четырехтактным двигателем мощностью 40 лошадиных сил он обеспечивает не только высокую производительность, но и экономичное использование топлива. Оборудованный дистанционным управлением, этот мотор предоставляет возможность управлять лодку с консоли, что придает удобство и уверенность в управлении. Электрический гидроподъемник делает настройку угла наклона двигателя простой и удобной. Parsun F40FES-T EFI – это надежный и мощный мотор для эффективного использования на воде.;;;;4;40;дистанция;винт;;;;4 тактный 3 цил. Инжектор;747;;;;;;;;;;электро;инжектор;99;;;;;;;;;;;;;;;;Топливный бак 24л., шланг топливный с грущей и коннекторам, машинка газ реверс, троса газ реверс, комплект для установки дистанционного управления, тахометр, набор ключей.;2 года
"Лодочные моторы>>>Лодочные моторы PARSUN;Техника";Лодочный мотор PARSUN F50FEL-T EFI;PARSUN;parsun-f50fel-t-efi;lodochnye-motory-parsun;529000;;0;lodochnye-motory-parsun\lodochnye-motory-parsun-f50fel-t-efi.jpg;50 л.с., 996 куб.см., 114 кг.;"Лодочный мотор Parsun F50FEL-T EFI представляет собой удивительное сочетание мощности и экономичности. С инжекторной системой и четырехтактным двигателем мощностью 50 лошадиных сил, он обеспечивает надежную и эффективную работу на воде.Parsun F50FEL-T EFI – это мотор, который предоставляет мощь и экономичность для беззаботных водных приключений.
Технические характеристики

Тип двигателя4-тактныйМощность, л.с50Количество цилиндров4Рабочий объем, куб.см996Система зажиганияCDIРулевая системадистанционнаяСистема запускаэлектро/ручнаяМаксимальные обороты, об/мин5000-6000Обороты на холостом ходу, об/мин750-850Емкость топливного бака, л24Максимальный расход топлива, л/час20Объем трансмиссионного масла, куб.см430Размер винта3 - 11 1/8'' - 12'Высота транца, мм508ПередачиF-N-RОбщая длина, мм713Общая ширина, мм427Общая высота, мм1435Вес, кг114Комплектациямотор, переносной бак 24л, дистанция, паспорт двигателя, руков-во по эксплуатации, ЗИП";;;;4;50;дистанция;винт;;;;4 тактный 4 цил. Инжектор;996;;;;;;;;;;электро;инжектор;114;;;;;;;;;;;;;;;;Топливный бак 24л., шланг топливный с грущей и коннекторам, машинка газ реверс, троса газ реверс, комплект для установки дистанционного управления, тахометр, набор ключей.;2 года
"Лодочные моторы>>>Лодочные моторы PARSUN;Техника";Лодочный мотор PARSUN F60FEL-T EFI;PARSUN;parsun-f60fel-t-efi;lodochnye-motory-parsun;539000;;0;lodochnye-motory-parsun\lodochnye-motory-parsun-f60fel-t-efi.jpg;60 л.с., 996 куб.см., 114 кг.;Лодочный мотор Parsun F60FEL-T EFI представляет собой удивительное сочетание мощности и экономичности. С инжекторной системой и четырехтактным двигателем мощностью 60 лошадиных сил, он обеспечивает надежную и эффективную работу на воде.Parsun F60FEL-T EFI – это мотор, который предоставляет мощь и экономичность для беззаботных водных приключений.;;;;4;60;дистанция;винт;;;;4 тактный 4 цил. Инжектор;996;;;;;;;;;;электро;инжектор;114;;;;;;;;;;;;;;;;Топливный бак 24л., шланг топливный с грущей и коннекторам, машинка газ реверс, троса газ реверс, комплект для установки дистанционного управления, тахометр, набор ключей.;2 года
"Лодочные моторы>>>Лодочные моторы PARSUN;Техника";Лодочный мотор PARSUN F100FEL-T EFI;PARSUN;parsun-f100fel-t-efi;lodochnye-motory-parsun;899000;;0;"lodochnye-motory-parsun\lodochnye-motory-parsun-f100fel-t-efi.jpg; lodochnye-motory-parsun\lodochnye-motory-parsun-f100fel-t-efi-1.jpg; lodochnye-motory-parsun\lodochnye-motory-parsun-f100fel-t-efi-2.jpg; lodochnye-motory-parsun\lodochnye-motory-parsun-f100fel-t-efi-3.jpg; lodochnye-motory-parsun\lodochnye-motory-parsun-f100fel-t-efi-4.jpg";100 л.с., 1832 куб.см., 185 кг.;Лодочный мотор Parsun F100FEL-T-EFI представляет собой эпицентр мощи на воде. Этот надежный и мощный мотор мощностью в 100 лошадиных сил обеспечивает высочайшую производительность. С дистанционным управлением он гарантирует удобство и простоту управления, позволяя легко маневрировать и контролировать лодку. Parsun F100FEL-T-EFI – это идеальный выбор для тех, кто ищет надежный и мощный в использовании мотор для своих водных приключений.;;;;4;100;дистанция;винт;;;;4 тактный 4 цил. Инжектор;1832;;;;;;;;;;электро;инжектор;185;;;;;;;;;;;;;;;;Топливный бак 24л., шланг топливный с грущей и коннекторам, машинка газ реверс, троса газ реверс, комплект для установки дистанционного управления, тахометр, набор ключей.;2 года
"Лодочные моторы>>>Лодочные моторы PARSUN;Техника";Лодочный мотор PARSUN F115FEL-T EFI;PARSUN;parsun-f115fel-t-efi;lodochnye-motory-parsun;899000;;0;"lodochnye-motory-parsun\lodochnye-motory-parsun-f115fel-t-efi.jpg; lodochnye-motory-parsun\lodochnye-motory-parsun-f100fel-t-efi-1.jpg; lodochnye-motory-parsun\lodochnye-motory-parsun-f100fel-t-efi-2.jpg; lodochnye-motory-parsun\lodochnye-motory-parsun-f100fel-t-efi-3.jpg; lodochnye-motory-parsun\lodochnye-motory-parsun-f100fel-t-efi-4.jpg";115 л.с., 1832 куб.см., 185 кг.;"Лодочный мотор — это сердце водного судна, обеспечивающее его движение и маневренность. Подбор надежного и эффективного мотора ключевой для безопасности и удовольствия от водного отдыха. Лодочный мотор Golfstream F115FEL-T EFI представляет собой современную разработку, сочетающую в себе мощность, инновационные технологии и доступную стоимость. Компания ""Мир моторов"", заняты в сфере продажи водного и снежного транспорта, предлагает широкий ассортимент товаров для энтузиастов активного отдыха и профессионалов. В этот раз мы обсудим почему именно мотор Golfstream F115FEL-T EFI станет надежным выбором для вашей лодки.";;;;4;115;дистанция;винт;;;;4 тактный 4 цил. Инжектор;1832;;;;;;;;;;электро;инжектор;185;;;;;;;;;;;;;;;;Топливный бак 24л., шланг топливный с грущей и коннекторам, машинка газ реверс, троса газ реверс, комплект для установки дистанционного управления, тахометр, набор ключей.;2 года
"Лодочные моторы>>>Лодочные моторы PARSUN;Техника";Лодочный мотор PARSUN F115FEL-T EFI L;PARSUN;parsun-f115fel-t-efi-l;lodochnye-motory-parsun;930000;;0;"lodochnye-motory-parsun\lodochnye-motory-parsun-f115fel-t-efi.jpg; lodochnye-motory-parsun\lodochnye-motory-parsun-f100fel-t-efi-1.jpg; lodochnye-motory-parsun\lodochnye-motory-parsun-f100fel-t-efi-2.jpg; lodochnye-motory-parsun\lodochnye-motory-parsun-f100fel-t-efi-3.jpg; lodochnye-motory-parsun\lodochnye-motory-parsun-f100fel-t-efi-4.jpg";115 л.с., 1832 куб.см., 185 кг.;"Лодочный мотор Parsun F115FEL-T-EFI представляет собой эпицентр мощи на воде. Этот надежный и мощный мотор мощностью в 115 лошадиных сил обеспечивает высочайшую производительность. С дистанционным управлением он гарантирует удобство и простоту управления, позволяя легко маневрировать и контролировать лодку. Parsun F115FEL-T-EFI – это идеальный выбор для тех, кто ищет надежный и мощный в использовании мотор для своих водных приключений. Мотор левого вращения, для спарки с лодочным мотором PARSUN F115FEL-T EFI.
Технические характеристики

Тип двигателя4-тактныйМощность, л.с115Количество цилиндров4Рабочий объем, куб.см1832Система зажиганияCDIРулевая системадистанционнаяСистема запускаэлектро/ручнаяМаксимальные обороты, об/мин5300-6300Обороты на холостом ходу, об/мин700-800Максимальный расход топлива, л/час39Объем трансмиссионного масла, куб.см760Размер винта3 - 13 1/2'' - 17'Высота транца, мм508ПередачиF-N-RОбщая длина, мм821Общая ширина, мм518Общая высота, мм1800Вес, кг185Комплектациямотор, переносной бак 24л, дистанция, паспорт двигателя, руков-во по эксплуатации, ЗИП";;;;4;115;дистанция;винт;;;;4 тактный 4 цил. Инжектор;1832;;;;;;;;;;электро;инжектор;185;;;;;;;;;;;;;;;;Топливный бак 24л., шланг топливный с грущей и коннекторам, машинка газ реверс, троса газ реверс, комплект для установки дистанционного управления, тахометр, набор ключей.;2 года
"Лодочные моторы>>>Лодочные моторы PARSUN;Техника";Лодочный мотор PARSUN F130FEL-T EFI;PARSUN;parsun-f130fel-t-efi;lodochnye-motory-parsun;899000;;0;"lodochnye-motory-parsun\lodochnye-motory-parsun-f130fel-t-efi.jpg; lodochnye-motory-parsun\lodochnye-motory-parsun-f100fel-t-efi-1.jpg; lodochnye-motory-parsun\lodochnye-motory-parsun-f100fel-t-efi-2.jpg; lodochnye-motory-parsun\lodochnye-motory-parsun-f100fel-t-efi-3.jpg; lodochnye-motory-parsun\lodochnye-motory-parsun-f100fel-t-efi-4.jpg";130 л.с., 1832 куб.см., 185 кг.;Лодочный мотор Parsun F130FEL-T-EFI – это воплощение высочайшей мощности в линейке моторов. С его потрясающей мощностью в 130 лошадиных сил, он становится безупречным выбором для тех, кто ищет максимальную производительность на воде. Оборудованный дистанционным управлением, этот мотор обеспечивает удобство в использовании, гарантируя простоту управления вашей лодкой. Надежность и мощь в сочетании с легкостью управления делают Parsun F130FEL-T-EFI настоящим лидером среди моторов для самых амбициозных водных приключений.;;;;4;130;дистанция;винт;;;;4 тактный 4 цил. Инжектор;1832;;;;;;;;;;электро;инжектор;185;;;;;;;;;;;;;;;;Топливный бак 24л., шланг топливный с грущей и коннекторам, машинка газ реверс, троса газ реверс, комплект для установки дистанционного управления, тахометр, набор ключей.;2 года
"Лодочные моторы>>>Лодочные моторы GOLFSTREAM;Техника";Лодочный мотор Golfstream T2.6CBMS;GOLFSTREAM;golfstream-t2-6cbms;lodochnye-motory-golfstream;25500;;0;"lodochnye-motory-parsun\lodochnye-motory-parsun-t2-6cbms-1.jpg; lodochnye-motory-parsun\lodochnye-motory-parsun-t2-6cbms-2.jpg ";2.6 л.с.,50 куб.см., 9.8 кг.;"Лодочный мотор Parsun T2.6CBMS - это мощный помощник на лодках с веслами, предоставляющий возможность наслаждаться плаванием без усилий гребли. Воплощая в себе компактность и надежность, этот мотор обеспечивает легкость управления, превращая ваши прогулки на воде в непринужденное и приятное занятие.
";;;;2;2,6;румпель;винт;;;;2 тактный 1 цил. карбюраторный;50;;;;;;;;;;ручной;карбюратор;9,8;;;;;;;;;;;;;;;;Набор ключей.;2 года
"Лодочные моторы>>>Лодочные моторы GOLFSTREAM;Техника";Лодочный мотор Golfstream TC3.6BMS;GOLFSTREAM;golfstream-tc3-6bms;lodochnye-motory-golfstream;39900;;0;"lodochnye-motory-parsun\lodochnye-motory-parsun-tc3-6bms-1.jpg; lodochnye-motory-parsun\lodochnye-motory-parsun-tc3-6bms-2.jpg";3,6 л.с., 74.6 куб.см., 13.5 кг.;"Лодочный мотор Parsun TC3.6BMS – идеальная альтернатива гребным веслам и эффективное решение в качестве докаточного мотора для катеров до 4,5 метров. Его компактные размеры и надежная мощность позволяют вам наслаждаться плаванием без лишних усилий. Он станет надёжным спутником в каждом вашем водном приключении, обеспечивая лёгкость управления и беззаботное путешествие по воде.
";;;;2;3,6;румпель;винт;;;;2 тактный 1 цил. карбюраторный;74,6;;;;;;;;;;ручной;карбюратор;13,5;;;;;;;;;;;;;;;;Набор ключей.;2 года
"Лодочные моторы>>>Лодочные моторы GOLFSTREAM;Техника";Лодочный мотор Golfstream T4NBMS;GOLFSTREAM;golfstream-t4nbms;lodochnye-motory-golfstream;48000;;0;lodochnye-motory-parsun\lodochnye-motory-parsun-t4nbms-1.jpg;4 л.с.,74.6 куб.см., 14,5 кг.;"Лодочный мотор Parsun T4NBMS – это идеальный выбор для вашей лодки, который превратит ваши прогулки по воде в настоящее удовольствие. Он сочетает в себе компактность, мощность и надежность, делая его отличным докаточным мотором для катеров до 5 метров. Невероятно эффективный и легкий в управлении, этот мотор станет незаменимым спутником в каждом вашем морском приключении.
";;;;2;4;румпель;винт;;;;2 тактный 1 цил. карбюраторный;74,6;;;;;;;;;;ручной;карбюратор;14,5;;;;;;;;;;;;;;;;Набор ключей.;2 года
"Лодочные моторы>>>Лодочные моторы GOLFSTREAM;Техника";Лодочный мотор Golfstream T5.8BMS;GOLFSTREAM;golfstream-t5-8bms;lodochnye-motory-golfstream;59900;;0;"lodochnye-motory-parsun\lodochnye-motory-parsun-t5bms-1.jpg; lodochnye-motory-parsun\lodochnye-motory-parsun-t5bms-2.jpg; lodochnye-motory-parsun\lodochnye-motory-parsun-t5bms-3.jpg";5л.с., 102 куб.см., 20 кг.;"Лодочный мотор Parsun T5BMS – это источник бесконечных возможностей на воде. Сочетание компактности и мощи делает его идеальным выбором в качестве докаточного мотора для катеров до 5 метров. Надежный, эффективный и легкий в управлении, этот мотор подарит вам свободу путешествий по воде без лишних забот. Откройте для себя новые горизонты водных приключений с Parsun T5BMS.
";;;;2;5;румпель;винт;;;;2 тактный 1 цил. карбюраторный;102;;;;;;;;;;ручной;карбюратор;20;;;;;;;;;;;;;;;;Топливный бак 12л., шланг топливный с грущей и коннекторам, набор ключей.;2 года
"Лодочные моторы>>>Лодочные моторы GOLFSTREAM;Техника";Лодочный мотор Golfstream T9,8BMS;GOLFSTREAM;golfstream-t9-8bms;lodochnye-motory-golfstream;99000;;0;"lodochnye-motory-parsun\lodochnye-motory-parsun-t9-8bms-1.jpg; lodochnye-motory-parsun\lodochnye-motory-parsun-t9-8bms-2.jpg;  lodochnye-motory-parsun\lodochnye-motory-parsun-t9-8bms-3.jpg  ";9,8л.с., 169 куб.см., 26 кг.;"Легкий, мощный и без лишних формальностей — лодочный мотор Parsun T9.8BMS призван сделать ваше время на воде максимально комфортным и удобным. Его компактный дизайн и простота управления позволяют наслаждаться плаванием без необходимости получения специальных прав для управления водным транспортом. Парус в мир водных приключений с Parsun T9.8BMS и наслаждайтесь свободой без лишних ограничений.
";;;;2;9,8;румпель;винт;;;;2 тактный 2 цил. карбюраторный;169;;;;;;;;;;ручной;карбюратор;26;;;;;;;;;;;;;;;;Топливный бак 12л., шланг топливный с грущей и коннекторам, набор ключей.;2 года
"Лодочные моторы>>>Лодочные моторы GOLFSTREAM;Техника";Лодочный мотор Golfstream T9,9BMS;GOLFSTREAM;golfstream-t9-9bms;lodochnye-motory-golfstream;112900;;0;lodochnye-motory-parsun\lodochnye-motory-parsun-t9-9bms.jpg;9.9 л.с.,246 куб.см., 36 кг.;"Погрузитесь в мир приключений с лодочным мотором Parsun T9.9BMS. Этот мотор не просто передвигает вас по воде – он вдохновляет на исследования, подарит надёжность в каждом манёвре и уверенность в каждом плавании, делая вашу водную прогулку неповторимой. Его легкий вес и простота управления делают его идеальным выбором для маломерных судов, не требующих специальных прав или лицензий для управления. 
";;;;2;9,9;румпель;винт;;;;2 тактный 2 цил. карбюраторный;246;;;;;;;;;;ручной;карбюратор;36;;;;;;;;;;;;;;;;Топливный бак 24л., шланг топливный с грущей и коннекторам, набор ключей.;2 года
"Лодочные моторы>>>Лодочные моторы GOLFSTREAM;Техника";Лодочный мотор Golfstream T30ABMS;GOLFSTREAM;golfstream-t30abms;lodochnye-motory-golfstream;194500;;0;lodochnye-motory-parsun\lodochnye-motory-parsun-t30abms.jpg;30 л.с.,496 куб.см., 52 кг.;"Лодочный мотор Parsun T30ABMS с румпельным управлением представляет собой воплощение надежности и мощи. С его внушительной мощностью в 30 лошадиных сил он готов придать вашей лодке эффективность и маневренность. Румпельное управление обеспечивает простоту управления, позволяя вам легко маневрировать даже в ограниченных пространствах или на узких водоёмах.
";;;;2;30;румпель;винт;;;;2 тактный 2 цил. карбюраторный;496;;;;;;;;;;ручной;карбюратор;52;;;;;;;;;;;;;;;;Топливный бак 24л., шланг топливный с грущей и коннекторам, набор ключей.;2 года
"Лодочные моторы>>>Лодочные моторы GOLFSTREAM;Техника";Лодочный мотор Golfstream T30AFWS;GOLFSTREAM;golfstream-t30afws;lodochnye-motory-golfstream;234300;;0;lodochnye-motory-parsun\lodochnye-motory-parsun-t30afws.jpg;30 л.с.,496 куб.см., 56 кг.;"Лодочный мотор Parsun T30AFWS, оборудованный поддержкой дистанционного управления, представляет собой силу и универсальность на воде. Его высокая мощность в 30 лошадиных сил гарантирует эффективное передвижение лодки, а возможность дистанционного управления делает управление максимально удобным и безопасным. Этот мотор создан для исследования водных просторов с минимумом усилий и максимумом удовольствия.
";;;;2;30;дистанция;винт;;;;2 тактный 2 цил. карбюраторный;496;;;;;;;;;;электро/ручной;карбюратор;56;;;;;;;;;;;;;;;;Топливный бак 24л., шланг топливный с грущей и коннекторам, набор ключей.;2 года
"Лодочные моторы>>>Лодочные моторы GOLFSTREAM;Техника";Лодочный мотор Golfstream T40BMS;GOLFSTREAM;golfstream-t40bms;lodochnye-motory-golfstream;234900;;0;"lodochnye-motory-parsun\lodochnye-motory-parsun-t40bms-1.jpg; lodochnye-motory-parsun\lodochnye-motory-parsun-t40bms-2.jpg; lodochnye-motory-parsun\lodochnye-motory-parsun-t40bms-3.jpg";40 л.с.,703 куб.см., 74 кг.;"Лодочный мотор Parsun T40BMS с мощностью 40 лошадиных сил - это источник надежной мощности для вашей лодки. Управление через румпель и наличие ручного стартера делают его простым в использовании и надежным в работе. Он обеспечивает высокую производительность и отличную маневренность, что делает его идеальным выбором для широкого спектра водных приключений. С Parsun T40BMS вы получаете надежность и мощь в каждом плавании.
";;;;2;40;румпель;винт;;;;2 тактный 2 цил. карбюраторный;703;;;;;;;;;;ручной;карбюратор;74;;;;;;;;;;;;;;;;Топливный бак 24л., шланг топливный с грущей и коннекторам, машинка газ реверс, троса газ реверс, комплект для установки дистанционного управления, набор ключей.;2 года
"Лодочные моторы>>>Лодочные моторы GOLFSTREAM;Техника";Лодочный мотор Golfstream T40FWS;GOLFSTREAM;golfstream-t40fws;lodochnye-motory-golfstream;266500;;0;lodochnye-motory-parsun\lodochnye-motory-parsun-t40fws.jpg;40 л.с.,703 куб.см., 77 кг.;"Лодочный мотор Parsun T40FWS – это мощный двигатель, предназначенный для тех, кто ценит производительность и удобство. С его внушительной мощностью 40 лошадиных сил и возможностью запуска как ручным, так и электрическим стартером, он обеспечивает надежную работу и легкий пуск мотора. Дистанционное управление добавляет удобства, позволяя управлять лодкой с консолью. С Parsun T40FWS ваши водные приключения становятся удобными и беззаботными.
";;;;2;40;дистанция;винт;;;;2 тактный 2 цил. карбюраторный;703;;;;;;;;;;электро/ручной;карбюратор;77;;;;;;;;;;;;;;;;Топливный бак 24л., шланг топливный с грущей и коннекторам, набор ключей.;2 года
"Лодочные моторы>>>Лодочные моторы GOLFSTREAM;Техника";Лодочный мотор Golfstream T40FWS-T;GOLFSTREAM;golfstream-t40fws-t;lodochnye-motory-golfstream;355000;;0;lodochnye-motory-parsun\lodochnye-motory-parsun-t40fws.jpg;40 л.с.,703 куб.см., 77 кг.;"Лодочный мотор Parsun T40FWS-T – это мощный двигатель, предназначенный для тех, кто ценит производительность и удобство. С его внушительной мощностью 40 лошадиных сил и возможностью запуска как ручным, так и электрическим стартером, он обеспечивает надежную работу и легкий пуск мотора. Дистанционное управление добавляет удобства, позволяя управлять лодкой с консолью. С Parsun T40FWS-T ваши водные приключения становятся удобными и беззаботными. Из дополнительных удобств нужно отметить электрический мотор гидроподъема.
";;;;2;40;дистанция;винт;;;;2 тактный 2 цил. карбюраторный;703;;;;;;;;;;электро/ручной;карбюратор;77;;;;;;;;;;;;;;;;Топливный бак 24л., шланг топливный с грущей и коннекторам, машинка газ реверс, троса газ реверс, комплект для установки дистанционного управления, набор ключей.;2 года
"Лодочные моторы>>>Лодочные моторы GOLFSTREAM;Техника";Лодочный мотор Golfstream T50AWL-T;GOLFSTREAM;golfstream-t50awl-t;lodochnye-motory-golfstream;435000;;0;lodochnye-motory-parsun\lodochnye-motory-parsun-t50afwl-t.jpg;50 л.с., 849 куб.см., 107 кг.;"Лодочный мотор Parsun T50AFWL-T – это эффективный и мощный мотор мощностью 50 лошадиных сил, предназначенный для комфортных водных приключений. Оборудованный дистанционным управлением и электрогидроподъемом, он обеспечивает легкость и удобство в управлении лодкой. С трёхцилиндровым двигателем он обеспечивает плавное и равномерное движение по воде, обеспечивая оптимальную производительность. Parsun T50AFWL-T – это сочетание мощности, комфорта и инновационных возможностей для вашего водного опыта.
";;;;2;50;дистанция;винт;;;;2 тактный 3 цил. карбюраторный;849;;;;;;;;;;электро;карбюратор;107;;;;;;;;;;;;;;;;Топливный бак 24л., шланг топливный с грущей и коннекторам, машинка газ реверс, троса газ реверс, комплект для установки дистанционного управления, тахометр, набор ключей.;2 года
"Лодочные моторы>>>Лодочные моторы GOLFSTREAM;Техника";Лодочный мотор Golfstream T50BML-D;GOLFSTREAM;golfstream-t50bml-d;lodochnye-motory-golfstream;396000;;0;"lodochnye-motory-parsun\lodochnye-motory-parsun-t60abml-d-1.jpg; lodochnye-motory-parsun\lodochnye-motory-parsun-t60abml-d-2.jpg; lodochnye-motory-parsun\lodochnye-motory-parsun-t60abml-d-3.jpg";60 л.с., 849 куб.см., 103 кг.;"Лодочный мотор Parsun T60ABML-T – это мощное решение для тех, кто ищет экстремальные водные приключения. С его впечатляющей мощностью 60 лошадиных сил, румпельным управлением и гидроподъёмником он идеально подходит для любителей активного отдыха на воде. Трёхцилиндровый двигатель обеспечивает плавное и мощное движение, позволяя испытать адреналиновый подъём в водных приключениях. Parsun T60ABML-T создан для тех, кто ищет максимальные эмоции и мощность на воде.
";;;;2;60;румпель;винт;;;;2 тактный 3 цил. карбюраторный;849;;;;;;;;;;электро;карбюратор;103;;;;;;;;;;;;;;;;Топливный бак 24л., шланг топливный с грущей и коннекторам, машинка газ реверс, троса газ реверс, комплект для установки дистанционного управления, тахометр, набор ключей.;2 года
"Лодочные моторы>>>Лодочные моторы GOLFSTREAM;Техника";Лодочный мотор Golfstream T60ABML-D;GOLFSTREAM;golfstream-t60abml-d;lodochnye-motory-golfstream;435000;;0;lodochnye-motory-parsun\lodochnye-motory-parsun-t60afwl-t.jpg;60 л.с., 849 куб.см., 107 кг.;"Лодочный мотор Parsun T60AFWL-T – это эффективный и мощный мотор мощностью 60 лошадиных сил, предназначенный для комфортных водных приключений. Оборудованный дистанционным управлением и электрогидроподъемом, он обеспечивает легкость и удобство в управлении лодкой. С трёхцилиндровым двигателем он обеспечивает плавное и равномерное движение по воде, обеспечивая оптимальную производительность. Parsun T60AFWL-T – это сочетание мощности, комфорта и инновационных возможностей для вашего водного опыта.
";;;;2;60;румпель;винт;;;;2 тактный 3 цил. карбюраторный;849;;;;;;;;;;электро;карбюратор;107;;;;;;;;;;;;;;;;Топливный бак 24л., шланг топливный с грущей и коннекторам, машинка газ реверс, троса газ реверс, комплект для установки дистанционного управления, тахометр, набор ключей.;2 года
"Лодочные моторы>>>Лодочные моторы GOLFSTREAM;Техника";Лодочный мотор Golfstream T60AFWL-T;GOLFSTREAM;golfstream-t60afwl-t;lodochnye-motory-golfstream;436000;;0;lodochnye-motory-parsun\lodochnye-motory-parsun-t60afwl-t.jpg;60 л.с., 849 куб.см., 107 кг.;"Лодочный мотор Parsun T60AFWL-T – это эффективный и мощный мотор мощностью 60 лошадиных сил, предназначенный для комфортных водных приключений. Оборудованный дистанционным управлением и электрогидроподъемом, он обеспечивает легкость и удобство в управлении лодкой. С трёхцилиндровым двигателем он обеспечивает плавное и равномерное движение по воде, обеспечивая оптимальную производительность. Parsun T60AFWL-T – это сочетание мощности, комфорта и инновационных возможностей для вашего водного опыта.
";;;;2;60;дистанция;винт;;;;2 тактный 3 цил. карбюраторный;849;;;;;;;;;;электро;карбюратор;107;;;;;;;;;;;;;;;;Топливный бак 24л., шланг топливный с грущей и коннекторам, машинка газ реверс, троса газ реверс, комплект для установки дистанционного управления, тахометр, набор ключей.;2 года
"Лодочные моторы>>>Лодочные моторы GOLFSTREAM;Техника";Лодочный мотор Golfstream T90FEL-T;GOLFSTREAM;golfstream-t90fel-t;lodochnye-motory-golfstream;474000;;0;"lodochnye-motory-parsun\lodochnye-motory-parsun-t90fel-t-1.jpg; lodochnye-motory-parsun\lodochnye-motory-parsun-t90fel-t-2.jpg; lodochnye-motory-parsun\lodochnye-motory-parsun-t90fel-t-3.jpg";90 л.с., 1141 куб.см., 119 кг.;"Лодочный мотор Parsun T90FEL-T представляет собой эпицентр мощи и адреналина на воде для истинных экстремалов. Этот мотор c дистанционным управлением, мощностью 90 лошадиных сил и трёхцилиндровым двигателем обеспечивает невероятную производительность и управляемость. Parsun T90FEL-T создан для тех, кто ищет максимальную мощь и адреналин в своих водных приключениях.
";;;;2;90;дистанция;винт;;;;2 тактный 3 цил. карбюраторный;1141;;;;;;;;;;электро;карбюратор;119;;;;;;;;;;;;;;;;Топливный бак 24л., шланг топливный с грущей и коннекторам, машинка газ реверс, троса газ реверс, комплект для установки дистанционного управления, тахометр, набор ключей.;2 года
"Лодочные моторы>>>Лодочные моторы GOLFSTREAM;Техника";Лодочный мотор Golfstream F9.9ABMS ENDURO;GOLFSTREAM;golfstream-f9-9abms-enduro;lodochnye-motory-golfstream;245000;;0;lodochnye-motory-parsun\lodochnye-motory-parsun-f20abws-efi.jpg;20 л.с., 362 куб.см., 52 кг.;"Лодочный мотор Parsun F20ABWS-EFI - это передовое решение для истинных ценителей экономичной и мощной работы на воде. С его инжекторной системой и четырехтактным двигателем мощностью 20 лошадиных сил он обеспечивает не только мощный тяговый контроль, но и экономичное потребление топлива. Румпельное управление делает его идеальным для использования в различных условиях на воде. Parsun F20ABWS-EFI - это современное сочетание мощности и экономичности для ваших водных приключений.
";;;;4;20;румпель;винт;;;;4 тактный 2 цил. Карбюраторный;362;;;;;;;;;;ручной;карбюратор;52;;;;;;;;;;;;;;;;Топливный бак 24л., шланг топливный с грущей и коннекторам, набор ключей.;2 года
"Лодочные моторы>>>Лодочные моторы GOLFSTREAM;Техника";Лодочный мотор Golfstream F9.9AFWS ENDURO;GOLFSTREAM;golfstream-f9-9afws-enduro;lodochnye-motory-golfstream;259000;;0;lodochnye-motory-parsun\lodochnye-motory-parsun-f20afws-efi.jpg;20 л.с., 362 куб.см., 52 кг.;"Лодочный мотор Parsun F20AFWS-EFI представляет собой передовое решение для эффективной работы на воде. Этот четырехтактный двигатель мощностью 20 лошадиных сил с инжекторной системой обеспечивает не только высокую мощность, но и экономичное потребление топлива. Оборудованный дистанционным управлением, он предоставляет возможность контролировать лодку с консоли, обеспечивая удобство и комфорт при плавании. Parsun F20AFWS-EFI - это современный и надежный мотор для эффективного и экономичного использования на воде.
";;;;4;20;дистанция;винт;;;;4 тактный 2 цил. Карбюраторный;362;;;;;;;;;;электро/ручной;карбюратор;52;;;;;;;;;;;;;;;;Топливный бак 24л., шланг топливный с грущей и коннекторам, машинка газ реверс, троса газ реверс, комплект для установки дистанционного управления, набор ключей.;2 года
"Лодочные моторы>>>Лодочные моторы GOLFSTREAM;Техника";Лодочный мотор Golfstream F20AFWS EFI;GOLFSTREAM;golfstream-f20afws-efi;lodochnye-motory-golfstream;259000;;0;lodochnye-motory-parsun\lodochnye-motory-parsun-f20afws-efi.jpg;20 л.с., 362 куб.см., 52 кг.;"Лодочный мотор Parsun F20AFWS-EFI представляет собой передовое решение для эффективной работы на воде. Этот четырехтактный двигатель мощностью 20 лошадиных сил с инжекторной системой обеспечивает не только высокую мощность, но и экономичное потребление топлива. Оборудованный дистанционным управлением, он предоставляет возможность контролировать лодку с консоли, обеспечивая удобство и комфорт при плавании. Parsun F20AFWS-EFI - это современный и надежный мотор для эффективного и экономичного использования на воде.
";;;;4;20;дистанция;винт;;;;4 тактный 2 цил. Инжектор;362;;;;;;;;;;электро/ручной;инжектор;52;;;;;;;;;;;;;;;;Топливный бак 24л., шланг топливный с грущей и коннекторам, машинка газ реверс, троса газ реверс, комплект для установки дистанционного управления, набор ключей.;2 года
"Лодочные моторы>>>Лодочные моторы GOLFSTREAM;Техника";Лодочный мотор Golfstream F40FES-T EFI;GOLFSTREAM;golfstream-f40fes-t-efi;lodochnye-motory-golfstream;460000;;0;lodochnye-motory-parsun\lodochnye-motory-parsun-f40fes-t-efi.jpg;40 л.с., 747 куб.см., 99 кг.;"Лодочный мотор Parsun F40FES-T EFI – это идеальный выбор для тех, кто ценит эффективность и мощность. С инжекторной системой и четырехтактным двигателем мощностью 40 лошадиных сил он обеспечивает не только высокую производительность, но и экономичное использование топлива. Оборудованный дистанционным управлением, этот мотор предоставляет возможность управлять лодку с консоли, что придает удобство и уверенность в управлении. Электрический гидроподъемник делает настройку угла наклона двигателя простой и удобной. Parsun F40FES-T EFI – это надежный и мощный мотор для эффективного использования на воде.
";;;;4;40;дистанция;винт;;;;4 тактный 3 цил. Инжектор;747;;;;;;;;;;электро;инжектор;99;;;;;;;;;;;;;;;;Топливный бак 24л., шланг топливный с грущей и коннекторам, машинка газ реверс, троса газ реверс, комплект для установки дистанционного управления, тахометр, набор ключей.;2 года
"Лодочные моторы>>>Лодочные моторы GOLFSTREAM;Техника";Лодочный мотор Golfstream F60FEL-T EFI;GOLFSTREAM;golfstream-f60fel-t-efi;lodochnye-motory-golfstream;539000;;0;lodochnye-motory-parsun\lodochnye-motory-parsun-f60fel-t-efi.jpg;60 л.с., 996 куб.см., 114 кг.;"Лодочный мотор Parsun F60FEL-T EFI представляет собой удивительное сочетание мощности и экономичности. С инжекторной системой и четырехтактным двигателем мощностью 60 лошадиных сил, он обеспечивает надежную и эффективную работу на воде.Parsun F60FEL-T EFI – это мотор, который предоставляет мощь и экономичность для беззаботных водных приключений.
";;;;4;60;дистанция;винт;;;;4 тактный 4 цил. Инжектор;996;;;;;;;;;;электро;инжектор;114;;;;;;;;;;;;;;;;Топливный бак 24л., шланг топливный с грущей и коннекторам, машинка газ реверс, троса газ реверс, комплект для установки дистанционного управления, тахометр, набор ключей.;2 года
"Лодочные моторы>>>Лодочные моторы GOLFSTREAM;Техника";Лодочный мотор Golfstream F100FEL-T EFI;GOLFSTREAM;golfstream-f100fel-t-efi;lodochnye-motory-golfstream;899000;;0;"lodochnye-motory-parsun\lodochnye-motory-parsun-f100fel-t-efi.jpg; lodochnye-motory-parsun\lodochnye-motory-parsun-f100fel-t-efi-1.jpg; lodochnye-motory-parsun\lodochnye-motory-parsun-f100fel-t-efi-2.jpg; lodochnye-motory-parsun\lodochnye-motory-parsun-f100fel-t-efi-3.jpg; lodochnye-motory-parsun\lodochnye-motory-parsun-f100fel-t-efi-4.jpg";100 л.с., 1832 куб.см., 185 кг.;"Лодочный мотор Parsun F100FEL-T-EFI представляет собой эпицентр мощи на воде. Этот надежный и мощный мотор мощностью в 100 лошадиных сил обеспечивает высочайшую производительность. С дистанционным управлением он гарантирует удобство и простоту управления, позволяя легко маневрировать и контролировать лодку. Parsun F100FEL-T-EFI – это идеальный выбор для тех, кто ищет надежный и мощный в использовании мотор для своих водных приключений.
";;;;4;100;дистанция;винт;;;;4 тактный 4 цил. Инжектор;1832;;;;;;;;;;электро;инжектор;185;;;;;;;;;;;;;;;;Топливный бак 24л., шланг топливный с грущей и коннекторам, машинка газ реверс, троса газ реверс, комплект для установки дистанционного управления, тахометр, набор ключей.;2 года
"Лодочные моторы>>>Лодочные моторы GOLFSTREAM;Техника";Лодочный мотор Golfstream F115FEL-T EFI;GOLFSTREAM;golfstream-f115fel-t-efi;lodochnye-motory-golfstream;899000;;0;"lodochnye-motory-parsun\lodochnye-motory-parsun-f115fel-t-efi.jpg; lodochnye-motory-parsun\lodochnye-motory-parsun-f100fel-t-efi-1.jpg; lodochnye-motory-parsun\lodochnye-motory-parsun-f100fel-t-efi-2.jpg; lodochnye-motory-parsun\lodochnye-motory-parsun-f100fel-t-efi-3.jpg; lodochnye-motory-parsun\lodochnye-motory-parsun-f100fel-t-efi-4.jpg";115 л.с., 1832 куб.см., 185 кг.;"Лодочный мотор — это сердце водного судна, обеспечивающее его движение и маневренность. Подбор надежного и эффективного мотора ключевой для безопасности и удовольствия от водного отдыха. Лодочный мотор Golfstream F115FEL-T EFI представляет собой современную разработку, сочетающую в себе мощность, инновационные технологии и доступную стоимость. Компания ""Мир моторов"", заняты в сфере продажи водного и снежного транспорта, предлагает широкий ассортимент товаров для энтузиастов активного отдыха и профессионалов. В этот раз мы обсудим почему именно мотор Golfstream F115FEL-T EFI станет надежным выбором для вашей лодки.";;;;4;115;дистанция;винт;;;;4 тактный 4 цил. Инжектор;1832;;;;;;;;;;электро;инжектор;185;;;;;;;;;;;;;;;;Топливный бак 24л., шланг топливный с грущей и коннекторам, машинка газ реверс, троса газ реверс, комплект для установки дистанционного управления, тахометр, набор ключей.;2 года
"Снегоходы>>>Снегоходы AODES;Техника";Снегоход AODES SNOWCROSS 900 WT;AODES;snowcross-900-wt;snegohody-aodes;1390000;;0;snegohody-aodes\AODES-SNOWCROSS-900-1.jpg;82 л.с.,, гусеница 3923*508;"Абсолютная новинка сезона 2026 снегоход SNOWCROSS 900 WT.
SNOWCROSS 900 WT — это утилитарно-туристический снегоход с атмосферным рядным двигателем на рычажной подвеске в богатой комплектации для тех, кто ценит комфорт, надежность и уверенность на любом зимнем маршруте.

Атмосферный трехцилиндровый двигатель объемом 899 см³ мощностью 90 л.с., передняя подвеска на А-образных рычагах, задняя подвеска EasyRide с подпружиненной задней кареткой, широкая гусеница 508 мм, трансмиссия с пониженной передачей и современная LCD-приборная панель 10.25 дюймов — все, что нужно для комфортных поездок и высокой функциональности в любых условиях.

Snowcross 900 WT сочетает в себе отличную проходимость, плавность хода и продуманную эргономику. Снегоход уверенно чувствует себя как на укатанных зимних трассах, так и в глубоком снегу, сохраняя комфорт водителя и пассажира даже во время длительных поездок.

Широкая гусеница, надежная подвеска и тяговитый двигатель делают модель отличным выбором для длительных путешествий, поездок на охоту и рыбалку, перевозки снаряжения, буксировки саней-волокуш и ежедневной эксплуатации вдали от дорог.";;;;4;;;;;;;3 цил. рядный 4 тактный жидкостного охлаждения сухой картер;899;90;вариатор;;Двойные А-образные рычаги /EasyRide;Склизовая, пружинная, с гидравлическим амортизатором;Газомасляные амортизаторы с регулировками;;;3925*508/44;;инжектор;290;гидравлические;;;;;;;;;;;;;42;3240*1200*1500;"LCD дисплей приборной панели 10.25 дюймов: спидометр, тахометр, счётчик м\ч и пробега, индикация включённой передачи, температуры, указатель уровня топлива, индикация подогрева ручек руля, курка газа, сиденья; LED фара головного света. Передний и задний бампер, ветровое стекло. Обогрев рукояток руля, Обогрев курка газа, Обогрев сиденья водителя; Разъем для обогрева шлема, багажный отсек 15л. под сиденьем, перчаточный ящик, съемное сиденье пассажира, ЖК приборная панель 10.25 дюйма, совместимость с популярными снегоходными аксессуарами, фаркоп, порт зарядки аккумулятора с индикацией заряда, зеркала заднего вида.";2 года
"Снегоходы>>>Снегоходы AODES;Техника";Снегоход AODES SNOWCROSS 900 SWT;AODES;snowcross-900-swt;snegohody-aodes;1450000;;0;snegohody-aodes\AODES-SNOWCROSS-900.jpg;82 л.с.,, гусеница 3923*508;"Абсолютная новинка сезона 2026 снегоход SNOWCROSS 900 SWT.
SNOWCROSS 900 SWT SC — это утилитарно-туристический снегоход с атмосферным рядным двигателем и рычажной подвеской для эксплуатации в глубоком снегу для тех, кто привык ехать дальше других.

Атмосферный трехцилиндровый двигатель объемом 899 см³ мощностью 90 л.с., передняя подвеска на А-образных рычагах, задняя подвеска EasyRide с подпружиненной задней кареткой, супер широкая гусеница 609 мм, современная LCD-приборная панель 10.25 дюймов и трансмиссия с пониженной передачей обеспечивают высокий уровень проходимости и уверенную тягу даже под нагрузкой при дальних поездках.

Супер широкая гусеница (SWT) обеспечивает дополнительную устойчивость и уверенное движение по глубокому рыхлому снегу, позволяя полностью сосредоточиться на маршруте.

Модель отлично подходит для охотников, рыбаков и любителей дальних путешествий, которым важно сохранять контроль и комфорт там, где еще нет следов цивилизации.";;;;4;;;;;;;3 цил. рядный 4 тактный жидкостного охлаждения сухой картер;899;90;вариатор;;Двойные А-образные рычаги /EasyRide;Склизовая, пружинная, с гидравлическим амортизатором;Газомасляные амортизаторы с регулировками;;;3925*609/44;;инжектор;316;гидравлические;;;;;;;;;;;;;42;3240*1200*1500;"LCD дисплей приборной панели 10.25 дюймов: спидометр, тахометр, счётчик м\ч и пробега, индикация включённой передачи, температуры, указатель уровня топлива, индикация подогрева ручек руля, курка газа, сиденья; LED фара головного света. Передний и задний бампер, ветровое стекло. Обогрев рукояток руля, Обогрев курка газа, Обогрев сиденья водителя; Разъем для обогрева шлема, багажный отсек 15л. под сиденьем, перчаточный ящик, съемное сиденье пассажира, ЖК приборная панель 10.25 дюйма, совместимость с популярными снегоходными аксессуарами, фаркоп, порт зарядки аккумулятора с индикацией заряда, зеркала заднего вида.";2 года
"Снегоходы>>>Снегоходы AODES;Техника";Снегоход AODES SNOWCROSS 900 LTS WT;AODES;snowcross-900-lts-wt;snegohody-aodes;1380000;;0;snegohody-aodes\AODES-SNOWCROSS-900-LTS.jpg;82 л.с.,, гусеница 3923*508;"Абсолютная новинка сезона 2026 снегоход SNOWCROSS 900 WT.
SNOWCROSS 900 LTS WT — утилитарный снегоход с телескопической подвеской и атмосферным рядным двигателем, созданный для уверенного передвижения по лесным тропам, зимникам и сложному пересеченному рельефу.

Атмосферный трехцилиндровый двигатель объемом 899 см³ мощностью 90 л.с., телескопическая передняя подвеска, задняя подвеска EasyRide с подпружиненной кареткой, широкая гусеница 508 мм и трансмиссия с пониженной передачей позволяют уверенно чувствовать себя в самых разных условиях эксплуатации.

Телескопическая подвеска отлично справляется с неровностями маршрута и обеспечивает высокий уровень надежности при движении среди деревьев, кустарника и в условиях плотного леса. Благодаря продуманной конструкции и эргономике снегоход остается комфортным и износостойким при самых агрессивных рельефных и погодных условиях.

SNOWCROSS 900 LTS WT станет надежным спутником для тех, кто привык прокладывать собственные маршруты вдали от цивилизации.";;;;4;;;;;;;3 цил. рядный 4 тактный жидкостного охлаждения сухой картер;899;90;вариатор;;Телескопическая;Склизовая, пружинная, с гидравлическим амортизатором;Газомасляные амортизаторы с регулировками;;;3925*508/44;;инжектор;290;гидравлические;;;;;;;;;;;;;42;3240*1200*1500;"LCD дисплей приборной панели 10.25 дюймов: спидометр, тахометр, счётчик м\ч и пробега, индикация включённой передачи, температуры, указатель уровня топлива, индикация подогрева ручек руля, курка газа, сиденья; LED фара головного света. Передний и задний бампер, ветровое стекло. Обогрев рукояток руля, Обогрев курка газа, Обогрев сиденья водителя; Разъем для обогрева шлема, багажный отсек 15л. под сиденьем, перчаточный ящик, съемное сиденье пассажира, ЖК приборная панель 10.25 дюйма, совместимость с популярными снегоходными аксессуарами, фаркоп, порт зарядки аккумулятора с индикацией заряда, зеркала заднего вида.";2 года
"Снегоходы>>>Снегоходы AODES;Техника";Снегоход AODES SNOWCROSS 900 LTS SWT;AODES;snowcross-900-lts-swt;snegohody-aodes;1440000;;0;snegohody-aodes\AODES-SNOWCROSS-900-LTS-1;82 л.с.,, гусеница 3923*508;"Абсолютная новинка сезона 2026 снегоход SNOWCROSS 900 SWT.
SNOWCROSS 900 LTS SWT — утилитарный снегоход с телескопической подвеской, суперширокой гусеницей и атмосферным рядным двигателем, созданный для уверенного передвижения по сложному пересеченному рельефу.

Атмосферный трехцилиндровый двигатель объемом 899 см³ мощностью 90 л.с., телескопическая подвеска, супер широкая гусеница 609 мм, задняя подвеска EasyRide с подпружиненной кареткой и трансмиссия с пониженной передачей обеспечивают уверенное движение по глубокому снегу и сложному рельефу.

Модель создана для дальних маршрутов, охоты, рыбалки и работы вдали от населенных пунктов. Телескопическая подвеска помогает уверенно преодолевать препятствия, а увеличенная площадь контакта гусеницы со снегом повышает проходимость на рыхлых покрытиях.

Этот снегоход создан для тех, кто выбирает свободу передвижения без ограничений.";;;;4;;;;;;;3 цил. рядный 4 тактный жидкостного охлаждения сухой картер;899;90;вариатор;;Телескопическая;Склизовая, пружинная, с гидравлическим амортизатором;Газомасляные амортизаторы с регулировками;;;3925*609/44;;инжектор;316;гидравлические;;;;;;;;;;;;;42;3240*1200*1500;"LCD дисплей приборной панели 10.25 дюймов: спидометр, тахометр, счётчик м\ч и пробега, индикация включённой передачи, температуры, указатель уровня топлива, индикация подогрева ручек руля, курка газа, сиденья; LED фара головного света. Передний и задний бампер, ветровое стекло. Обогрев рукояток руля, Обогрев курка газа, Обогрев сиденья водителя; Разъем для обогрева шлема, багажный отсек 15л. под сиденьем, перчаточный ящик, съемное сиденье пассажира, ЖК приборная панель 10.25 дюйма, совместимость с популярными снегоходными аксессуарами, фаркоп, порт зарядки аккумулятора с индикацией заряда, зеркала заднего вида.";2 года
"Снегоходы>>>Снегоходы AODES;Техника";Снегоход AODES SNOWCROSS 900 TURBO WT;AODES;snowcross-900-turbo-wt;snegohody-aodes;1590000;;0;snegohody-aodes\AODES-SNOWCROSS-900-1.jpg;174 л.с., 899 куб. см., гусеница 3923*508;"Абсолютная новинка сезона 2026 снегоход SNOWCROSS 900 WT.
SNOWCROSS 900 TURBO WT — новый флагман линейки снегоходов AODES 2027 года, сочетающий впечатляющую мощность 174 л.с., высокий уровень оснащения и уверенность на любом зимнем маршруте.

Турбированный трехцилиндровый двигатель объемом 899 см³ мощностью 174 л.с., подвеска на двойных А-образных рычагах, широкая гусеница 508 мм, задняя подвеска EasyRide с подпружиненной кареткой и богатое оснащение выводят комфорт и производительность на новый уровень.

Этот снегоход одинаково уверенно чувствует себя как на скоростных туристических маршрутах, так и на сложном зимнем бездорожье. Высокий запас мощности позволяет легко перевозить груз, двигаться с пассажиром и сохранять уверенность на любом покрытии.

SNOWCROSS 900 TURBO WT создан для райдеров, которые привыкли получать больше от своей техники.";;;;4;;;;;;;3 цил. рядный 4 тактный жидкостного охлаждения сухой картер;899;174;вариатор;;Двойные А-образные рычаги /EasyRide;Склизовая, пружинная, с гидравлическим амортизатором;Газомасляные амортизаторы с регулировками;;;3925*508/44;;инжектор;290;гидравлические;;;;;;;;;;;;;42;3240*1200*1500;"LCD дисплей приборной панели 10.25 дюймов: спидометр, тахометр, счётчик м\ч и пробега, индикация включённой передачи, температуры, указатель уровня топлива, индикация подогрева ручек руля, курка газа, сиденья; LED фара головного света. Передний и задний бампер, ветровое стекло. Обогрев рукояток руля, Обогрев курка газа, Обогрев сиденья водителя; Разъем для обогрева шлема, багажный отсек 15л. под сиденьем, перчаточный ящик, съемное сиденье пассажира, ЖК приборная панель 10.25 дюйма, совместимость с популярными снегоходными аксессуарами, фаркоп, порт зарядки аккумулятора с индикацией заряда, зеркала заднего вида.";2 года
"Снегоходы>>>Снегоходы AODES;Техника";Снегоход AODES SNOWCROSS 900 TURBO SWT;AODES;snowcross-900-turbo-swt;snegohody-aodes;1640000;;0;snegohody-aodes\AODES-SNOWCROSS-900.jpg;174 л.с., 899 куб. см. TURBO,, гусеница 3923*508;"Абсолютная новинка сезона 2026 снегоход SNOWCROSS 900 SWT.
SNOWCROSS 900 TURBO SWT SC — новый флагман линейки снегоходов AODES 2027 года, сочетающий экстремальную мощность турбированного двигателя и максимальную проходимость супер широкой гусеницы.

Турбированный трехцилиндровый двигатель объемом 899 см³ мощностью 174 л.с., подвеска на двойных А-образных рычагах, суперширокая гусеница 609 мм, задняя подвеска EasyRide с подпружиненной кареткой, трансмиссия с пониженной передачей — создают исключительные возможности снегохода на разных условиях рельефа.

Даже самые сложные маршруты становятся доступными благодаря огромному запасу мощности и широкому пятну контакта гусеницы со снегом. Модель идеально подойдет для дальних экспедиций, активного отдыха и профессиональной эксплуатации в суровых условиях.";;;;4;;;;;;;3 цил. рядный 4 тактный жидкостного охлаждения сухой картер;899;174;вариатор;;Двойные А-образные рычаги /EasyRide;Склизовая, пружинная, с гидравлическим амортизатором;Газомасляные амортизаторы с регулировками;;;3925*609/44;;инжектор;316;гидравлические;;;;;;;;;;;;;42;3240*1200*1500;"LCD дисплей приборной панели 10.25 дюймов: спидометр, тахометр, счётчик м\ч и пробега, индикация включённой передачи, температуры, указатель уровня топлива, индикация подогрева ручек руля, курка газа, сиденья; LED фара головного света. Передний и задний бампер, ветровое стекло. Обогрев рукояток руля, Обогрев курка газа, Обогрев сиденья водителя; Разъем для обогрева шлема, багажный отсек 15л. под сиденьем, перчаточный ящик, съемное сиденье пассажира, ЖК приборная панель 10.25 дюйма, совместимость с популярными снегоходными аксессуарами, фаркоп, порт зарядки аккумулятора с индикацией заряда, зеркала заднего вида.";2 года
"Снегоходы>>>Снегоходы AODES;Техника";Снегоход AODES SNOWCROSS 800 WT;AODES;snowcross-800-wt;snegohody-aodes;950000;;0;"snegohody-aodes\AODES-SNOWCROSS- desert-1.jpg; snegohody-aodes\AODES-SNOWCROSS- desert-2.jpg; snegohody-aodes\AODES-SNOWCROSS- desert-3.jpg; snegohody-aodes\AODES-SNOWCROSS- desert-4.jpg;";60 л.с., 800 куб. см.,, гусеница 3923*508;"Абсолютная новинка сезона 2026 снегоход SNOWCROSS 800 WT.
SNOWCROSS 800 WT — доступный утилитарно-туристический снегоход для ежедневной эксплуатации, путешествий и работы по хозяйству. Простая и проверенная конструкция делает его отличным выбором для тех, кто ценит практичность и уверенность в технике.

Проверенный V-образный двухцилиндровый двигатель объемом 800 см³ мощностью 60 л.с., рычажная передняя подвеска, широкая гусеница 508 мм и современное оснащение обеспечивают комфортную эксплуатацию в любых зимних условиях.

Модель легко справляется с перевозкой снаряжения, поездками на охоту и рыбалку, а также ежедневными маршрутами по заснеженной местности. Продуманная эргономика и высокий уровень комфорта позволяют проводить за рулем много часов без усталости.";;;;4;;;;;;;2 цил. V-образный, 4 тактный жидкостного охлаждения;800;60;вариатор;;Двойные А-образные рычаги /EasyRide;Склизовая, пружинная, с гидравлическим амортизатором;Газомасляные амортизаторы с регулировками;;;3925*508/44;;инжектор;268;гидравлические;;;;;;;;;;;;;42;3240*1200*1500;"LCD дисплей приборной панели 6.28 дюймов: спидометр, тахометр, счётчик м\ч и пробега, индикация включённой передачи, температуры, указатель уровня топлива, индикация подогрева ручек руля, курка газа, сиденья;LED фара головного света. Передний и задний бампер, ветровое стекло. Обогрев рукояток руля, Обогрев курка газа, Обогрев сиденья водителя; Разъем для обогрева шлема, багажный отсек 15л. под сиденьем, перчаточный ящик, съемное сиденье пассажира, ЖК приборная панель 6.8 дюйма, совместимость с популярными снегоходными аксессуарами, фаркоп.";2 года
"Снегоходы>>>Снегоходы AODES;Техника";Снегоход AODES SNOWCROSS 800 SWT;AODES;snowcross-800-swt;snegohody-aodes;995000;;0;"snegohody-aodes\AODES-SNOWCROSS- desert-1.jpg; snegohody-aodes\AODES-SNOWCROSS- desert-2.jpg; snegohody-aodes\AODES-SNOWCROSS- desert-3.jpg; snegohody-aodes\AODES-SNOWCROSS- desert-4.jpg;";60 л.с., 800 куб. см.,, гусеница 3923*600;"Абсолютная новинка сезона 2026 снегоход SNOWCROSS 800 WT.
SNOWCROSS 800 SWT SC — утилитарно-туристический снегоход с суперширокой гусеницей для далеких путешествий и работ по хозяйству. Доступный снегоход с проверенной конструкцией и комфортной эргономикой.

Проверенный V-образный двухцилиндровый двигатель объемом 800 см³ мощностью 60 л.с., рычажная передняя подвеска и суперширокая гусеница шириной 609 мм обеспечивают отличную проходимость и стабильность на рыхлом снегу.

Модель уверенно чувствует себя на целине, помогает перевозить необходимое снаряжение и сохраняет комфорт даже в самых продолжительных поездках. Благодаря сбалансированной конструкции снегоход остается удобным и предсказуемым в управлении.";;;;4;;;;;;;2 цил. V-образный, 4 тактный жидкостного охлаждения;800;60;вариатор;;Двойные А-образные рычаги /EasyRide;Склизовая, пружинная, с гидравлическим амортизатором;Газомасляные амортизаторы с регулировками;;;3925*609/44;;инжектор;288;гидравлические;;;;;;;;;;;;;42;3240*1200*1500;"LCD дисплей приборной панели 6.28 дюймов: спидометр, тахометр, счётчик м\ч и пробега, индикация включённой передачи, температуры, указатель уровня топлива, индикация подогрева ручек руля, курка газа, сиденья;LED фара головного света. Передний и задний бампер, ветровое стекло. Обогрев рукояток руля, Обогрев курка газа, Обогрев сиденья водителя; Разъем для обогрева шлема, багажный отсек 15л. под сиденьем, перчаточный ящик, съемное сиденье пассажира, ЖК приборная панель 6.8 дюйма, совместимость с популярными снегоходными аксессуарами, фаркоп.";2 года
"Снегоходы>>>Снегоходы AODES;Техника";Снегоход AODES SNOWCROSS 800 LTS SWT;AODES;snowcross-800-lts-swt;snegohody-aodes;995000;;0;"snegohody-aodes\AODES-Siberiacross-red-1.jpg; snegohody-aodes\AODES-Siberiacross-red-2.jpg; snegohody-aodes\AODES-Siberiacross-red-3.jpg; snegohody-aodes\AODES-Siberiacross-red-4.jpg";60 л.с., 800 куб. см.,, гусеница 3923*600;"Абсолютная новинка сезона 2026 снегоход SNOWCROSS 800 LTS SWT.
SNOWCROSS 800 LTS SWT — доступный утилитарный снегоход с телескопической подвеской для тех, кто часто передвигается по лесным маршрутам и сложному пересеченному рельефу.

V-образный двухцилиндровый двигатель объемом 800 см³ мощностью 60 л.с., телескопическая передняя подвеска, суперширокая гусеница 609 мм и современное оснащение обеспечивают комфортную и уверенную эксплуатацию и движение в сложной лесной местности с препятствиями.

Телескопическая подвеска помогает легче преодолевать сложные участки маршрута, а суепр широкая гусеница обеспечивает высокую проходимость на рыхлом снегу. Такой набор характеристик делает модель универсальным решением для работы, отдыха и дальних поездок.";;;;4;;;;;;;2 цил. V-образный, 4 тактный жидкостного охлаждения;800;60;вариатор;;Телескопическая;Склизовая, пружинная, с гидравлическим амортизатором;Газомасляные амортизаторы с регулировками;;;3925*609/44;;инжектор;288;гидравлические;;;;;;;;;;;;;42;3240*1200*1500;"LCD дисплей приборной панели 6.28 дюймов: спидометр, тахометр, счётчик м\ч и пробега, индикация включённой передачи, температуры, указатель уровня топлива, индикация подогрева ручек руля, курка газа, сиденья;LED фара головного света. Передний и задний бампер, ветровое стекло. Обогрев рукояток руля, Обогрев курка газа, Обогрев сиденья водителя; Разъем для обогрева шлема, багажный отсек 15л. под сиденьем, перчаточный ящик, съемное сиденье пассажира, ЖК приборная панель 6.8 дюйма, совместимость с популярными снегоходными аксессуарами, фаркоп.";2 года
"Снегоходы>>>Снегоходы AODES;Техника";Снегоход AODES SIBERIACROSS 1000 SWT;AODES;siberiacross-1000-swt;snegohody-aodes;995000;;0;"snegohody-aodes\AODES-Siberiacross-red-1.jpg; snegohody-aodes\AODES-Siberiacross-red-2.jpg; snegohody-aodes\AODES-Siberiacross-red-3.jpg; snegohody-aodes\AODES-Siberiacross-red-4.jpg";87 л.с.,, гусеница 3923*600;"AODES SIBERIACROSS — это утилитарные снегоходы на телескопической подвеске с богатым оснащением и высоким уровнем надежности для преодоления сложных рельефов при выполнении рабочих задач.

V-образный двигатель 1000 см³ мощностью 87 л.с., суперширокая гусеница 609 мм, телескопическая подвеска, трансмиссия с пониженной передачей, LCD приборная панель 6.8 дюйма.

Модель с телескопической передней подвеской — идеальное сочетание мощности, надежности и комфорта для самой суровой эксплуатации в условиях глухих лесов, тайги и просто для уверенной эксплуатации на каждый день.

Телескопическая подвеска прощает преодоление разной сложности рельефа, а 2 варианта гусениц 508 мм и 609 мм позволяют выбрать модель для конкретных нужд — отправиться в далекое путешествие или на охоту и рыбалку — выбор за вами.";;;;4;;;;;;;2 цил. V-образный, 4 тактный жидкостного охлаждения;976;87;вариатор;;Телескопическая;Склизовая, пружинная, с гидравлическим амортизатором;Газомасляные амортизаторы с регулировками;;;3923*609/45;;инжектор;354;гидравлические;;;;;;;;;;;;;42;3222*1089*1533;ЖК приборная панель 6,8 дюйма: спидометр, тахометр, одометр, счётчик м\ч и пробега, индикация включённой передачи, температуры, указатель уровня топлива, индикация подогрева ручек руля, курка газа, сиденья. Передний и задний бампер, ветровое стекло. Обогрев рукояток руля, курка газа, сиденья водителя. Разъем для обогрева шлема, багажный отсек 15л. под сиденьем, перчаточный ящик, съемное сиденье пассажира, ЖК приборная панель 6,8 дюйма, совместимость с популярными снегоходными аксессуарами, ТСУ.;2 года
"Снегоходы>>>Снегоходы AODES;Техника";Снегоход AODES SIBERIACROSS 1000 WT;AODES;siberiacross-1000-wt;snegohody-aodes;995000;;0;"snegohody-aodes\AODES-Siberiacross-red-1.jpg; snegohody-aodes\AODES-Siberiacross-red-2.jpg; snegohody-aodes\AODES-Siberiacross-red-3.jpg; snegohody-aodes\AODES-Siberiacross-red-4.jpg";87 л.с.,, гусеница 3923*500;"AODES SIBERIACROSS — это утилитарные снегоходы на телескопической подвеске с богатым оснащением и высоким уровнем надежности для преодоления сложных рельефов при выполнении рабочих задач.

V-образный двигатель 1000 см³ мощностью 87 л.с., суперширокая гусеница 609 мм, телескопическая подвеска, трансмиссия с пониженной передачей, LCD приборная панель 6.8 дюйма.

Модель с телескопической передней подвеской — идеальное сочетание мощности, надежности и комфорта для самой суровой эксплуатации в условиях глухих лесов, тайги и просто для уверенной эксплуатации на каждый день.

Телескопическая подвеска прощает преодоление разной сложности рельефа, а 2 варианта гусениц 508 мм и 609 мм позволяют выбрать модель для конкретных нужд — отправиться в далекое путешествие или на охоту и рыбалку — выбор за вами.";;;;4;;;;;;;2 цил. V-образный, 4 тактный жидкостного охлаждения;976;87;вариатор;;Телескопическая;Склизовая, пружинная, с гидравлическим амортизатором;Газомасляные амортизаторы с регулировками;;;3923*508/45;;инжектор;318;гидравлические;;;;;;;;;;;;;42;3222*1089*1533;ЖК приборная панель 6,8 дюйма: спидометр, тахометр, одометр, счётчик м\ч и пробега, индикация включённой передачи, температуры, указатель уровня топлива, индикация подогрева ручек руля, курка газа, сиденья. Передний и задний бампер, ветровое стекло. Обогрев рукояток руля, курка газа, сиденья водителя. Разъем для обогрева шлема, багажный отсек 15л. под сиденьем, перчаточный ящик, съемное сиденье пассажира, ЖК приборная панель 6,8 дюйма, совместимость с популярными снегоходными аксессуарами, ТСУ.;2 года
"Снегоходы>>>Снегоходы AODES;Техника";Снегоход AODES SNOWCROSS 1000 SWT;AODES;snowcross-1000-swt;snegohody-aodes;995000;;0;"snegohody-aodes\AODES-SNOWCROSS- desert-1.jpg; snegohody-aodes\AODES-SNOWCROSS- desert-2.jpg; snegohody-aodes\AODES-SNOWCROSS- desert-3.jpg; snegohody-aodes\AODES-SNOWCROSS- desert-4.jpg;";87 л.с.,, гусеница 3923*600;"AODES SNOWCROSS — это утилитарно-туристические снегоходы на рычажной подвеске с богатым оснащением для комфортных путешествий и работы по хозяйству!

V-образный двигатель 1000 см³ мощностью 87 л.с., гусеница 508 мм, передняя подвеска А-образные рычаги, трансмиссия с пониженной передачей, LCD приборная панель 10,25 дюйма.

Эта модель точно придется по душе любителям комфортных снегоходных поездок на рыбалку, охоту или просто в туристических целях, за счет использования в конструкции снегохода проверенных временем эргономичных решений, топовых технологий именитых производителей и брендов.

Снегоход сочетает в себе уже так знакомый многим райдерам комфорт, мощность и высокую проходимость в глубоком снегу и на укатанных трассах.

Широкая гусеница, мощный двигатель, эффективная подвеска — все то, что нужно для передвижения на снегоходе с пассажиром или в утилитарно-хозяйственных целях, например, для буксировки саней-волокуш.";;;;4;;;;;;;2 цил. V-образный, 4 тактный жидкостного охлаждения;976;87;вариатор;;Двойные А-образные рычаги /EasyRide;Склизовая, пружинная, с гидравлическим амортизатором;Газомасляные амортизаторы с регулировками;;;3923*609/45;;инжектор;354;гидравлические;;;;;;;;;;;;;42;3222*1089*1533;ЖК приборная панель 10,25 дюйма: спидометр, тахометр, одометр, счётчик м\ч и пробега, индикация включённой передачи, температуры, указатель уровня топлива, мультимедия, индикация подогрева ручек руля, курка газа, сиденья. Передний и задний бампер, ветровое стекло. Обогрев рукояток руля, курка газа, сиденья водителя. Разъем для обогрева шлема, багажный отсек 15л. под сиденьем, перчаточный ящик, съемное сиденье пассажира, ЖК тачскрин приборная панель 10.25 дюйма, совместимость с популярными снегоходными аксессуарами, ТСУ.;2 года
"Снегоходы>>>Снегоходы AODES;Техника";Снегоход AODES SNOWCROSS 1000 WT;AODES;snowcross-1000-wt;snegohody-aodes;995000;;0;"snegohody-aodes\AODES-SNOWCROSS- desert-1.jpg; snegohody-aodes\AODES-SNOWCROSS- desert-2.jpg; snegohody-aodes\AODES-SNOWCROSS- desert-3.jpg; snegohody-aodes\AODES-SNOWCROSS- desert-4.jpg;";87 л.с.,, гусеница 3923*508;"AODES SNOWCROSS — это утилитарно-туристические снегоходы на рычажной подвеске с богатым оснащением для комфортных путешествий и работы по хозяйству!

V-образный двигатель 1000 см³ мощностью 87 л.с., гусеница 508 мм, передняя подвеска А-образные рычаги, трансмиссия с пониженной передачей, LCD приборная панель 10,25 дюйма.

Эта модель точно придется по душе любителям комфортных снегоходных поездок на рыбалку, охоту или просто в туристических целях, за счет использования в конструкции снегохода проверенных временем эргономичных решений, топовых технологий именитых производителей и брендов.

Снегоход сочетает в себе уже так знакомый многим райдерам комфорт, мощность и высокую проходимость в глубоком снегу и на укатанных трассах.

Широкая гусеница, мощный двигатель, эффективная подвеска — все то, что нужно для передвижения на снегоходе с пассажиром или в утилитарно-хозяйственных целях, например, для буксировки саней-волокуш.";;;;4;;;;;;;2 цил. V-образный, 4 тактный жидкостного охлаждения;976;87;вариатор;;Двойные А-образные рычаги /EasyRide;Склизовая, пружинная, с гидравлическим амортизатором;Газомасляные амортизаторы с регулировками;;;3923*508/45;;инжектор;318;гидравлические;;;;;;;;;;;;;42;3250*1200*1500;ЖК приборная панель 10,25 дюйма: спидометр, тахометр, одометр, счётчик м\ч и пробега, индикация включённой передачи, температуры, указатель уровня топлива, мультимедия, индикация подогрева ручек руля, курка газа, сиденья. Передний и задний бампер, ветровое стекло. Обогрев рукояток руля, курка газа, сиденья водителя. Разъем для обогрева шлема, багажный отсек 15л. под сиденьем, перчаточный ящик, съемное сиденье пассажира, ЖК тачскрин приборная панель 10.25 дюйма, совместимость с популярными снегоходными аксессуарами, ТСУ.;2 года
"Снегоходы>>>Снегоходы STELS;Техника";Снегоход STELS КАПИТАН S200L;STELS;capitan-s200l;snegohody-stels;305000;;0;"snegohody-stels\stels-s150-captain-blue.jpg; snegohody-stels\stels-s150-captain-orange.jpg; snegohody-stels\stels-s150-captain-red.jpg; snegohody-stels\stels-s150-captain-white.jpg";12 л.с., 200 куб. см;"STELS КАПИТАН - это компактный снегоход повышенного уровня комфорта для повседневной эксплуатации.

Предназначен для любителей развлечений и активного отдыха на природе, поездок на рыбалку и охоту. На нем Вы в любую погоду максимально быстро доберетесь до ближайшего магазина.

Создан для езды по насту и неглубокому снегу.";;;;4;;;;380;;;1 цил. 4 таткный воздушного охлаждения;200;12;вариатор;;Двухрычажная, А-образные рычаги;Склизовая, пружинная, с гидравлическим амортизатором;Газомасляные;;;3232*380/ 50,5 / 25;;инжектор;181;гидравлические;;;;;;;;;;;;;12;2990*1070*1280;Дисплей: скорость, тахометр, включенная передача. Увеличенное сиденье для водителя и пассажира, багажный отсек под ним. Багажная платформа. Спинка пассажира. Подогрев ручек и курка.;1 год
"Снегоходы>>>Снегоходы STELS;Техника";Снегоход STELS МОРОЗ 600L;STELS;moroz-600l;snegohody-stels;;;0;snegohody-stels\stels-motoz-600.jpg;49 л.с., 565 куб.см.;"Охота, рыбалка, перевозка, заготовки на зиму все это может STELS МОРОЗ.
Благодаря 2-ум гусеницам снегоход не тонет в снегу, а мощный 49 сильный двигатель доставит вас куда вы захотите.

Основная особенность данного снегохода - это установленный с завода вариатор Канадской фирмы CVTech.
Использование данного вариатора способствует улучшению динамики и уменьшению расхода топлива. ";;;;2;;;;500;;;;;;вариатор;;;;Газомасляные;;;;;карбюратор;;;;;;;;;;;;;;;;;;
"Снегоходы>>>Снегоходы STELS;Техника";Снегоход STELS СТАВР MS600 LUX;STELS;stavr-600-lux;snegohody-stels;690000;;0;"snegohody-stels\stels-stavr-600-lux.jpg; snegohody-stels\stels-stavr-600-lux-1.jpg";57 л.с., 565 куб.см.;"STELS СТАВР отлично подходит для работ по хозяйству, охоты и рыбалки, экскурсий и путешествий с семьей.

Природа больше не диктует ограничений для снегохода, новый STELS СТАВР устанавливает свои правила. Снегоход позволяет лавировать между деревьями, с лёгкостью объезжать внезапные препятствия, уверенно перемещается по глубокому снегу и без проблем потянет за собой тяжелые сани или буксируемую технику.

Утилитарному снегоходу STELS СТАВР по плечу самые сложные задачи в отдаленных местах при любых погодных условиях.";;;;2;;;;500;;;2 цил. 2 тактный воздушного охлаждения;565;57;вариатор;;Телескопическая;Склизовая, пружинная, с гидравлическим амортизатором;Газомасляные;;;3920*500/ 72,6 / 30;;карбюратор;260;гидравлические;;;;;;;;;;;;;40;3250*1100*1470;Дисплей: скорость, тахометр. Увеличенное сиденье для водителя и пассажира, багажный отсек под ним. Багажная платформа. Спинка пассажира. Подогрев ручек и курка.;2 года
"Снегоходы>>>Снегоходы STELS;Техника";Снегоход STELS СТАВР MS600 SWT;STELS;stave-600-swt;snegohody-stels;750000;;0;"snegohody-stels\stels-stavr-600-lux.jpg; snegohody-stels\stels-stavr-600-lux-1.jpg";57 л.с., 565 куб.см.;"STELS СТАВР отлично подходит для работ по хозяйству, охоты и рыбалки, экскурсий и путешествий с семьей.

Природа больше не диктует ограничений для снегохода, новый STELS СТАВР устанавливает свои правила. Снегоход позволяет лавировать между деревьями, с лёгкостью объезжать внезапные препятствия, уверенно перемещается по глубокому снегу и без проблем потянет за собой тяжелые сани или буксируемую технику.

Утилитарному снегоходу STELS СТАВР по плечу самые сложные задачи в отдаленных местах при любых погодных условиях.";;;;2;;;;600;;;2 цил. 2 тактный воздушного охлаждения;565;57;вариатор;;Телескопическая;Склизовая, пружинная, с гидравлическим амортизатором;Газомасляные;;;3937*600 / 64 /32;;карбюратор;285;гидравлические;;;;;;;;;;;;;40;3250*1100*1470;Дисплей: скорость, тахометр. Увеличенное сиденье для водителя и пассажира, багажный отсек под ним. Багажная платформа. Спинка пассажира. Подогрев ручек и курка.;2 года
"Снегоходы>>>Снегоходы STELS;Техника";Снегоход STELS VIKING 600 3.0 LUX;STELS;viking-600-lux;snegohody-stels;765000;;0;"snegohody-stels\viking-stels-600-2.0-black.jpg; snegohody-stels\viking-stels-600-2.0-yellow.jpg; snegohody-stels\viking-stels-600-2.0-white.jpg ";54 л.с., 565 куб.см.;"Тем, для кого дорог не существует.
Легко передвигается по самой сложной местности, а широкий ассортимент аксессуаров позволяет приспособить снегоход под Ваши индивидуальные потребности.
Выходит за рамки ожиданий…";;;;2;;;;600;;;2 цил. 2 тактный воздушного охлаждения;565;57;вариатор;;Телескопическая;Склизовая, пружинная, с гидравлическим амортизатором;Газомасляные;;;3968*600 / 64 /30;;карбюратор;340;гидравлические;;;;;;;;;;;;;45;3170*1160*1450;Дисплей: скорость, тахометр. Увеличенное сиденье для водителя и пассажира, багажный отсек под ним. Багажная платформа. Спинка пассажира. Подогрев ручек и курка.;2 года
"Снегоходы>>>Снегоходы STELS;Техника";Снегоход STELS VIKING 800 3.0 LUX;STELS;viking-800-lux;snegohody-stels;900000;;0;"snegohody-stels\viking-stels-800-2.0-yellow.jpg; snegohody-stels\viking-stels-800-2.0-white.jpg; snegohody-stels\viking-stels-800-2.0-black.jpg";67 л.с., 800 куб.см.;"Тем, для кого дорог не существует.
Легко передвигается по самой сложной местности, а широкий ассортимент аксессуаров позволяет приспособить снегоход под Ваши индивидуальные потребности.
Выходит за рамки ожиданий…";;;;4;;;;600;;;2 цил. V-образный, 4 тактный жидкостного охлаждения;800;67;вариатор;;Телескопическая;Склизовая, пружинная, с гидравлическим амортизатором;Газомасляные;;;3968*600 / 64 / 30;;инжектор;375;гидравлические;;;;;;;;;;;;;45;3170*1160*1450;Дисплей: скорость, тахометр. Увеличенное сиденье для водителя и пассажира, багажный отсек под ним. Багажная платформа. Спинка пассажира. Подогрев ручек и курка.;2 года
"Снегоходы>>>Снегоходы STELS;Техника";Снегоход STELS АТАМАН 600 2.0;STELS;ataman-600;snegohody-stels;870000;;0;"snegohody-stels\stels-ataman-600.jpg; snegohody-stels\stels-ataman-600-1.jpg";57 л.с., 565 куб.см.;"НИКАКИХ КОМПРОМИСОВ!
ПРЕДСТАВЛЯЕМ ЛУЧШИЙ ТУРИСТИЧЕСКИЙ ШИРОКОГУСЕНИЧНЫЙ СНЕГОХОД!

STELS АТАМАН - универсальный снегоход, продуманный до мелочей. Он отлично подходит как для туристических поездок, так и в качестве «рабочей лошадки».
Снегоход STELS АТАМАН сочетает в себе мощь, прочную конструкцию, отличную эргономику и высокий уровень маневренности, что делает управление максимально комфортным.
АТАМАН, по-настоящему универсальный и легкий в управлении широкогусечный снегоход, который покорит любые снежные просторы.";;;;2;;;;500;;;2 цил. 2 тактный воздушного охлаждения;565;57;вариатор;;Телескопическая;Склизовая, пружинная, с гидравлическим амортизатором;Газомасляные;;;3920*500 / 72,6 / 30;;карбюратор;308;гидравлические;;;;;;;;;;;;;50;3192*1203*1470;Дисплей: скорость, тахометр. Увеличенное сиденье для водителя и пассажира, багажный отсек под ним. Багажная платформа. Спинка пассажира. Подогрев ручек и курка.;2 года
"Снегоходы>>>Снегоходы STELS;Техника";Снегоход STELS АТАМАН 800 2.0;STELS;ataman-800;snegohody-stels;1050000;;0;"snegohody-stels\stels-ataman-800.jpg; snegohody-stels\stels-ataman-800-1.jpg";62 л.с., 800 куб.см.;"НИКАКИХ КОМПРОМИСОВ!
ПРЕДСТАВЛЯЕМ ЛУЧШИЙ ТУРИСТИЧЕСКИЙ ШИРОКОГУСЕНИЧНЫЙ СНЕГОХОД!

STELS АТАМАН - универсальный снегоход, продуманный до мелочей. Он отлично подходит как для туристических поездок, так и в качестве «рабочей лошадки».
Снегоход STELS АТАМАН сочетает в себе мощь, прочную конструкцию, отличную эргономику и высокий уровень маневренности, что делает управление максимально комфортным.
АТАМАН, по-настоящему универсальный и легкий в управлении широкогусечный снегоход, который покорит любые снежные просторы.";;;;4;;;;500;;;2 цил. V-образный, 4 тактный жидкостного охлаждения;800;62;вариатор;;Телескопическая;Склизовая, пружинная, с гидравлическим амортизатором;Газомасляные;;;3920*500/ 72,6 / 30;;инжектор;319;гидравлические;;;;;;;;;;;;;50;3192*1203*1470;Дисплей: скорость, тахометр. Увеличенное сиденье для водителя и пассажира, багажный отсек под ним. Багажная платформа. Спинка пассажира. Подогрев ручек и курка.;2 года
"Снегоходы>>>Снегоходы STELS;Техника";Снегоход STELS ВИТЯЗЬ SA800 2.0;STELS;vityaz-800;snegohody-stels;990000;;0;snegohody-stels\stels-vityaz.jpg;62 л.с., 800 куб.см.;"ТУРИСТИЧЕСКИЙ СНЕГОХОД STELS ВИТЯЗЬ!

ВИТЯЗЬ перешел на новый уровень комфорта и надежности.
Передняя рычажная подвеска и энергоемкая задняя подвеска, в сочетании с легкой алюминиевой платформой - дарит отличную управляемость и комфорт.
Большой объем топливного бака - увеличенный запас хода.
Снегоход ВИТЯЗЬ имеет привлекательный дизайн и великолепную обзорность водителя, но истинная красота и преимущества этого снегохода все же проявляются в езде.";;;;4;;;;500;;;2 цил. V-образный, 4 тактный жидкостного охлаждения;800;62;вариатор;;Двухрычажная, А-образные рычаги;Склизовая, пружинная, с гидравлическим амортизатором;Газомасляные;;;3920*500 / 72,6 / 30;;инжектор;329;гидравлические;;;;;;;;;;;;;50;3306*1322*1476;Дисплей: скорость, тахометр. Увеличенное сиденье для водителя и пассажира, багажный отсек под ним. Багажная платформа. Спинка пассажира. Подогрев ручек и курка.;2 года
;;;;;;;;;;;;;;;;;;;;;;;;;;;;;;;;;;;;;;;;;;;;;;;;;;;
;;;;;;;;;;;;;;;;;;;;;;;;;;;;;;;;;;;;;;;;;;;;;;;;;;;
;;;;;;;;;;;;;;;;;;;;;;;;;;;;;;;;;;;;;;;;;;;;;;;;;;;
;;;;;;;;;;;;;;;;;;;;;;;;;;;;;;;;;;;;;;;;;;;;;;;;;;;
;;;;;;;;;;;;;;;;;;;;;;;;;;;;;;;;;;;;;;;;;;;;;;;;;;;
;;;;;;;;;;;;;;;;;;;;;;;;;;;;;;;;;;;;;;;;;;;;;;;;;;;
;;;;;;;;;;;;;;;;;;;;;;;;;;;;;;;;;;;;;;;;;;;;;;;;;;;
;;;;;;;;;;;;;;;;;;;;;;;;;;;;;;;;;;;;;;;;;;;;;;;;;;;
;;;;;;;;;;;;;;;;;;;;;;;;;;;;;;;;;;;;;;;;;;;;;;;;;;;
;;;;;;;;;;;;;;;;;;;;;;;;;;;;;;;;;;;;;;;;;;;;;;;;;;;
;;;;;;;;;;;;;;;;;;;;;;;;;;;;;;;;;;;;;;;;;;;;;;;;;;;
;;;;;;;;;;;;;;;;;;;;;;;;;;;;;;;;;;;;;;;;;;;;;;;;;;;
;;;;;;;;;;;;;;;;;;;;;;;;;;;;;;;;;;;;;;;;;;;;;;;;;;;
;;;;;;;;;;;;;;;;;;;;;;;;;;;;;;;;;;;;;;;;;;;;;;;;;;;
;;;;;;;;;;;;;;;;;;;;;;;;;;;;;;;;;;;;;;;;;;;;;;;;;;;
;;;;;;;;;;;;;;;;;;;;;;;;;;;;;;;;;;;;;;;;;;;;;;;;;;;
;;;;;;;;;;;;;;;;;;;;;;;;;;;;;;;;;;;;;;;;;;;;;;;;;;;
;;;;;;;;;;;;;;;;;;;;;;;;;;;;;;;;;;;;;;;;;;;;;;;;;;;
;;;;;;;;;;;;;;;;;;;;;;;;;;;;;;;;;;;;;;;;;;;;;;;;;;;
;;;;;;;;;;;;;;;;;;;;;;;;;;;;;;;;;;;;;;;;;;;;;;;;;;;
;;;;;;;;;;;;;;;;;;;;;;;;;;;;;;;;;;;;;;;;;;;;;;;;;;;
;;;;;;;;;;;;;;;;;;;;;;;;;;;;;;;;;;;;;;;;;;;;;;;;;;;
;;;;;;;;;;;;;;;;;;;;;;;;;;;;;*;;;;;;;;;;;;;;;;;;;;;;
